movieId,title,genres,year,rated,runtime,director,writer,actors,plot,language,country,awards,imdb_rating,imdb_votes
1238,Local Hero,Comedy,1983,PG,111 min,Bill Forsyth,Bill Forsyth,"Burt Lancaster, Peter Riegert, Fulton Mackay, Denis Lawson",An American oil company sends a man to Scotland to buy up an entire village where they want to build a refinery. But things don't go as expected.,English|Japanese|Russian,UK,Won 1 BAFTA Film Award. Another 3 wins & 6 nominations.,7.4,18408.0
858,The Godfather,Crime|Drama,1972,R,175 min,Francis Ford Coppola,Francis Ford Coppola (screenplay by)|Mario Puzo (based on the novel by)|Mario Puzo (screenplay by),"Marlon Brando, Al Pacino, James Caan, Richard S. Castellano",The aging patriarch of an organized crime dynasty transfers control of his clandestine empire to his reluctant son.,English|Italian|Latin,USA,Won 3 Oscars. Another 24 wins & 28 nominations.,9.2,1408749.0
1270,Back to the Future,Adventure|Comedy|Sci-Fi,1985,PG,116 min,Robert Zemeckis,Bob Gale|Robert Zemeckis,"Michael J. Fox, Christopher Lloyd, Lea Thompson, Crispin Glover","Marty McFly, a 17-year-old high school student, is accidentally sent thirty years into the past in a time-traveling DeLorean invented by his close friend, the maverick scientist Doc Brown.",English,USA,Won 1 Oscar. Another 19 wins & 25 nominations.,8.5,911581.0
1265,Groundhog Day,Comedy|Fantasy|Romance,1993,PG,101 min,Harold Ramis,Danny Rubin (screenplay)|Danny Rubin (story)|Harold Ramis (screenplay),"Bill Murray, Andie MacDowell, Chris Elliott, Stephen Tobolowsky",A weatherman finds himself inexplicably living the same day over and over again.,English|French|Italian,USA,Won 1 BAFTA Film Award. Another 6 wins & 17 nominations.,8.0,533490.0
2488,Peeping Tom,Drama|Horror|Thriller,1960,NOT RATED,101 min,Michael Powell,Leo Marks (original story)|Leo Marks (screenplay),"Karlheinz Böhm, Moira Shearer, Anna Massey, Maxine Audley","A young man murders women, using a movie camera to film their dying expressions of terror.",English,UK,N/A,7.7,26488.0
898,The Philadelphia Story,Comedy|Drama|Romance,1940,NOT RATED,112 min,George Cukor,Donald Ogden Stewart (screen play)|Philip Barry (based on the play by),"Cary Grant, Katharine Hepburn, James Stewart, Ruth Hussey","When a rich woman's ex-husband and a tabloid-type reporter turn up just before her planned remarriage, she begins to learn the truth about herself.",English|French,USA,Won 2 Oscars. Another 3 wins & 5 nominations.,8.0,57268.0
2247,Married to the Mob,Comedy,1988,R,104 min,Jonathan Demme,Barry Strugatz|Mark R. Burns,"Paul Lazar, Alec Baldwin, Captain Haggerty, Marlene Willoughby","An undercover FBI agent falls in love with a recently widowed mafia wife, who is trying to restart her life following her husband's murder while being pursued by a libidinous mafia kingpin seeking to claim her for himself.",English,USA,Nominated for 1 Oscar. Another 6 wins & 4 nominations.,6.1,14424.0
296,Pulp Fiction,Comedy|Crime|Drama|Thriller,1994,R,154 min,Quentin Tarantino,Quentin Tarantino|Quentin Tarantino (stories)|Roger Avary (stories),"Tim Roth, Amanda Plummer, Laura Lovelace, John Travolta","The lives of two mob hitmen, a boxer, a gangster's wife, and a pair of diner bandits intertwine in four tales of violence and redemption.",English|French|Spanish,USA,Won 1 Oscar. Another 62 wins & 69 nominations.,8.9,1602423.0
1016,The Shaggy Dog,Children|Comedy,1959,APPROVED,104 min,Charles Barton,Bill Walsh (screenplay)|Felix Salten (novel)|Lillie Hayward (screenplay),"Fred MacMurray, Jean Hagen, Tommy Kirk, Annette Funicello",A teenage boy is cursed with periodically turning into an sheepdog.,English,USA,1 win & 1 nomination.,6.5,3658.0
1212,The Third Man,Film-Noir|Mystery|Thriller,1949,NOT RATED,93 min,Carol Reed,Graham Greene (by)|Graham Greene (screen play),"Joseph Cotten, Alida Valli, Orson Welles, Trevor Howard","Pulp novelist Holly Martins travels to shadowy, postwar Vienna, only to find himself investigating the mysterious death of an old friend, Harry Lime.",English|German|Russian,UK,Won 1 Oscar. Another 4 wins & 4 nominations.,8.2,141070.0
950,The Thin Man,Comedy|Crime,1934,NOT RATED,91 min,W.S. Van Dyke,Albert Hackett (screen play)|Dashiell Hammett (from the novel by)|Frances Goodrich (screen play),"William Powell, Myrna Loy, Maureen O'Sullivan, Nat Pendleton","Former detective Nick Charles and his wealthy wife Nora investigate a murder case, mostly for the fun of it.",English,USA,Nominated for 4 Oscars. Another 3 wins.,8.1,23834.0
1198,Raiders of the Lost Ark,Action|Adventure,1981,PG,115 min,Steven Spielberg,George Lucas (story by)|Lawrence Kasdan (screenplay by)|Philip Kaufman (story by),"Harrison Ford, Karen Allen, Paul Freeman, Ronald Lacey","In 1936, archaeologist and adventurer Indiana Jones is hired by the U.S. government to find the Ark of the Covenant before Adolf Hitler's Nazis can obtain its awesome powers.",Arabic|English|German|Hebrew|Nepali|Spanish,USA,Won 4 Oscars. Another 30 wins & 23 nominations.,8.5,793034.0
1344,Cape Fear,Crime|Drama|Thriller,1962,NOT RATED,106 min,J. Lee Thompson,James R. Webb (screenplay)|John D. MacDonald (novel),"Gregory Peck, Robert Mitchum, Polly Bergen, Lori Martin",A lawyer's family is stalked by a man he once helped put in jail.,English,USA,N/A,7.8,23497.0
3152,The Last Picture Show,Drama,1971,R,118 min,Peter Bogdanovich,Larry McMurtry (novel)|Larry McMurtry (screenplay)|Peter Bogdanovich (screenplay),"Timothy Bottoms, Jeff Bridges, Cybill Shepherd, Ben Johnson","In 1951, a group of high schoolers come of age in a bleak, isolated, atrophied West Texas town that is slowly dying, both culturally and economically.",English,USA,Won 2 Oscars. Another 16 wins & 22 nominations.,8.1,37027.0
3008,Last Night,Drama|Sci-Fi,1998,R,95 min,Don McKellar,Don McKellar,"Don McKellar, Sandra Oh, Roberta Maxwell, Robin Gammell",A group of very different individuals with different ideas of how to face the end come together as the world is expected to end in six hours at the turn of the century.,English|French,Canada|France,12 wins & 22 nominations.,7.2,8753.0
28,Persuasion,Drama|Romance,1995,PG,107 min,Roger Michell,Jane Austen (novel)|Nick Dear (screenplay),"Amanda Root, Ciarán Hinds, Susan Fleetwood, Corin Redgrave","Eight years earlier, Anne Elliot, the daughter of a financially troubled aristocratic family, was persuaded to break off her engagement to Frederick Wentworth, a young seaman, who, though ...",English,France|UK|USA,7 wins & 2 nominations.,7.7,8758.0
497,Much Ado About Nothing,Comedy|Romance,1993,PG-13,111 min,Kenneth Branagh,Kenneth Branagh (adaptation)|William Shakespeare (play),"Richard Briers, Kate Beckinsale, Imelda Staunton, Jimmy Yuill","Young lovers Hero and Claudio, soon to wed, conspire to get verbal sparring partners and confirmed singles Benedick and Beatrice to wed as well.",English,UK|USA,Nominated for 1 Golden Globe. Another 5 wins & 10 nominations.,7.4,41718.0
1296,A Room with a View,Drama|Romance,1985,NOT RATED,117 min,James Ivory,E.M. Forster (novel)|Ruth Prawer Jhabvala (screenplay),"Maggie Smith, Helena Bonham Carter, Denholm Elliott, Julian Sands","When Lucy Honeychurch and chaperone Charlotte Bartlett find themselves in Florence with rooms without views, fellow guests Mr Emerson and son George step in to remedy the situation. Meeting...",English|Italian,UK,Won 3 Oscars. Another 21 wins & 23 nominations.,7.4,35154.0
2018,Bambi,Animation|Children|Drama,1942,G,70 min,Bill Roberts|David Hand|Graham Heid|James Algar|Norman Wright|Paul Satterfield|Samuel Armstrong,Carl Fallberg (story development)|Chuck Couch (story development)|Felix Salten (from the story by)|Larry Morey (story adaptation)|Mel Shaw (story development)|Perce Pearce (story direction)|Ralph Wright (story development)|Vernon Stallings (story development),"Hardie Albright, Stan Alexander, Bobette Audrey, Peter Behn",The story of a young deer growing up in the forest.,English,USA,Nominated for 3 Oscars. Another 5 wins & 3 nominations.,7.3,115222.0
2583,Cookie's Fortune,Comedy|Drama,1999,PG-13,118 min,Robert Altman,Anne Rapp,"Glenn Close, Julianne Moore, Liv Tyler, Chris O'Donnell",Conflict arises in the small town of Holly Springs when an old woman's death causes a variety of reactions among family and friends.,English,USA,2 wins & 11 nominations.,6.9,11625.0
1276,Cool Hand Luke,Drama,1967,GP,126 min,Stuart Rosenberg,Donn Pearce (novel)|Donn Pearce (screenplay)|Frank Pierson (screenplay),"Paul Newman, George Kennedy, J.D. Cannon, Lou Antonio","A laid back Southern man is sentenced to two years in a rural prison, but refuses to conform.",English,USA,Won 1 Oscar. Another 3 wins & 9 nominations.,8.1,145650.0
3359,Breaking Away,Comedy|Drama,1979,PG,101 min,Peter Yates,Steve Tesich,"Dennis Christopher, Dennis Quaid, Daniel Stern, Jackie Earle Haley",A small-town boy obsessed with the Italian cycling team vies for the affections of a college girl.,English|French|Italian,USA,Won 1 Oscar. Another 10 wins & 14 nominations.,7.7,19756.0
3435,Double Indemnity,Crime|Drama|Film-Noir,1944,PASSED,107 min,Billy Wilder,Billy Wilder (screenplay)|James M. Cain (from the novel by)|Raymond Chandler (screenplay),"Fred MacMurray, Barbara Stanwyck, Edward G. Robinson, Porter Hall",An insurance representative lets himself be talked into a murder/insurance fraud scheme that arouses the suspicion of an insurance investigator.,English,USA,Nominated for 7 Oscars. Another 2 wins & 2 nominations.,8.3,124717.0
2331,Living Out Loud,Comedy|Drama|Romance,1998,R,100 min,Richard LaGravenese,Richard LaGravenese,"Holly Hunter, Danny DeVito, Queen Latifah, Martin Donovan","Judith Nelson quit her medical studies to marry. Years later, her husband, a physician, divorces her to be with another doctor. Deeply frustrated, she now lives alone in her luxury ...",English,USA,5 nominations.,6.6,4335.0
2750,Radio Days,Comedy|Drama,1987,PG,88 min,Woody Allen,Woody Allen,"Mike Starr, Paul Herman, Don Pardo, Martin Rosenblatt",A nostalgic look at radio's golden age focusing on one ordinary family and the various performers in the medium.,English|Italian|Spanish,USA,Nominated for 2 Oscars. Another 3 wins & 7 nominations.,7.6,28330.0
3072,Moonstruck,Comedy|Romance,1987,PG,102 min,Norman Jewison,John Patrick Shanley,"Cher, Nicolas Cage, Vincent Gardenia, Olympia Dukakis","Loretta Castorini, a bookkeeper from Brooklyn, New York, finds herself in a difficult situation when she falls for the brother of the man she has agreed to marry.",English|Italian,USA,Won 3 Oscars. Another 15 wins & 19 nominations.,7.1,42388.0
908,North by Northwest,Action|Adventure|Mystery|Romance|Thriller,1959,NOT RATED,136 min,Alfred Hitchcock,Ernest Lehman,"Cary Grant, Eva Marie Saint, James Mason, Jessie Royce Landis","A hapless New York City advertising executive is mistaken for a government agent by a group of foreign spies, and is pursued across the country while he looks for a way to survive.",English|French,USA,Nominated for 3 Oscars. Another 8 wins & 4 nominations.,8.3,266309.0
3481,High Fidelity,Comedy|Drama|Romance,2000,R,113 min,Stephen Frears,D.V. DeVincentis (screenplay)|John Cusack (screenplay)|Nick Hornby (book)|Scott Rosenberg (screenplay)|Steve Pink (screenplay),"John Cusack, Iben Hjejle, Todd Louiso, Jack Black","Rob, a record store owner and compulsive list maker, recounts his top five breakups, including the one in progress.",Danish|English,UK|USA,Nominated for 1 Golden Globe. Another 3 wins & 21 nominations.,7.5,157156.0
1148,The Wrong Trousers,Animation|Children|Comedy|Crime,1993,NOT RATED,30 min,Nick Park,Bob Baker|Brian Sibley (additional contributions by)|Nick Park|Nick Park (characters),Peter Sallis,"Wallace takes in a new lodger, a devious penguin. Sporting some techno-trousers, the penguin plans a grand theft, a plan that involves putting Wallace in danger.",English,UK,Won 1 Oscar. Another 12 wins.,8.3,46745.0
4036,Shadow of the Vampire,Drama|Horror,2000,R,92 min,E. Elias Merhige,Steven Katz,"John Malkovich, Willem Dafoe, Udo Kier, Cary Elwes",The filming of Nosferatu (1922) is hampered by the fact that its star Max Schreck is taking the role of a vampire far more seriously than seems humanly possible.,English|German|Luxembourgish,Luxembourg|UK|USA,Nominated for 2 Oscars. Another 14 wins & 24 nominations.,6.9,37323.0
2062,The Governess,Drama|Romance,1998,R,115 min,Sandra Goldbacher,Sandra Goldbacher,"Minnie Driver, Tom Wilkinson, Florence Hoath, Jonathan Rhys Meyers","When the father of privileged Rosina da Silva violently dies, she decides to pass herself off as a gentile and finds employment with a family in faraway Scotland. Soon she and the family ...",English,UK,3 wins & 3 nominations.,6.3,2683.0
2069,The Trip to Bountiful,Drama,1985,PG,108 min,Peter Masterson,Horton Foote (play)|Horton Foote (screenplay),"Geraldine Page, John Heard, Carlin Glynn, Richard Bradford","In 1940s Texas, an elderly woman is determined to visit her childhood home for one last time.",English,USA,Won 1 Oscar. Another 6 wins & 6 nominations.,7.6,3497.0
3512,Return to Me,Drama|Romance,2000,PG,115 min,Bonnie Hunt,Andrew Stern (story)|Bonnie Hunt (screenplay)|Bonnie Hunt (story)|Don Lake (screenplay)|Don Lake (story)|Samantha Goodman (story),"David Duchovny, Minnie Driver, Carroll O'Connor, Robert Loggia",A man who falls in love with the woman who received his wife's heart must decide which woman it is who holds his heart.,English|Italian,USA,1 win & 2 nominations.,6.9,18311.0
223,Clerks,Comedy,1994,R,92 min,Kevin Smith,Kevin Smith,"Brian O'Halloran, Jeff Anderson, Marilyn Ghigliotti, Lisa Spoonauer","A day in the lives of two convenience clerks named Dante and Randal as they annoy customers, discuss movies, and play hockey on the store roof.",English,USA,5 wins & 10 nominations.,7.8,199387.0
2090,The Rescuers,Adventure|Animation|Children|Crime|Drama,1977,G,78 min,Art Stevens|John Lounsbery|Wolfgang Reitherman,"""Burny Mattinson (story)|David Michener (story)|Dick Sebast (story)|Frank Thomas (story)|Fred Lucky (story)|Ken Anderson (story)|Larry Clemmons (story)|Margery Sharp (suggested by """"The Rescuers"""" and """"Miss Bianca"""" by)|Ted Berman (story)|Vance Gerry (story)""","Bob Newhart, Eva Gabor, Geraldine Page, Joe Flynn",Two mice of the Rescue Aid Society search for a little girl kidnapped by unscrupulous treasure hunters.,English,USA,Nominated for 1 Oscar. Another 2 wins.,6.9,51071.0
3083,All About My Mother,Drama,1999,R,101 min,Pedro Almodóvar,Pedro Almodóvar,"Cecilia Roth, Marisa Paredes, Candela Peña, Antonia San Juan","Young Esteban wants to become a writer and also to discover the identity of his father, carefully concealed by his mother Manuela.",Catalan|Spanish,France|Spain,Won 1 Oscar. Another 56 wins & 38 nominations.,7.9,79499.0
1208,Apocalypse Now,Action|Drama|War,1979,R,147 min,Francis Ford Coppola,Francis Ford Coppola|John Milius|Michael Herr (narration),"Marlon Brando, Martin Sheen, Robert Duvall, Frederic Forrest","During the Vietnam War, Captain Willard is sent on a dangerous mission into Cambodia to assassinate a renegade Colonel who has set himself up as a god among a local tribe.",English|French|Vietnamese,USA,Won 2 Oscars. Another 18 wins & 31 nominations.,8.5,536594.0
3260,Howards End,Drama,1992,PG,142 min,James Ivory,E.M. Forster (novel)|Ruth Prawer Jhabvala (screenplay),"Vanessa Redgrave, Helena Bonham Carter, Joseph Bennett, Emma Thompson",A businessman thwarts his wife's bequest of an estate to another woman.,English|German,Japan|UK|USA,Won 3 Oscars. Another 29 wins & 48 nominations.,7.5,25156.0
926,All About Eve,Drama,1950,NOT RATED,138 min,Joseph L. Mankiewicz,Joseph L. Mankiewicz (written for the screen by),"Bette Davis, Anne Baxter, George Sanders, Celeste Holm",An ingenue insinuates herself into the company of an established but aging stage actress and her circle of theater friends.,English|French,USA,Won 6 Oscars. Another 17 wins & 17 nominations.,8.3,105473.0
111,Taxi Driver,Crime|Drama|Thriller,1976,R,114 min,Martin Scorsese,Paul Schrader,"Diahnne Abbott, Frank Adu, Victor Argo, Gino Ardito","A mentally unstable veteran works as a nighttime taxi driver in New York City, where the perceived decadence and sleaze fuels his urge for violent action by attempting to liberate a presidential campaign worker and an underage prostitute.",English|Spanish,USA,Nominated for 4 Oscars. Another 21 wins & 15 nominations.,8.3,623480.0
1729,Jackie Brown,Crime|Drama|Thriller,1997,R,154 min,Quentin Tarantino,Elmore Leonard (novel)|Quentin Tarantino (written for the screen by),"Pam Grier, Samuel L. Jackson, Robert Forster, Bridget Fonda",A middle-aged woman finds herself in the middle of a huge conflict that will either make her a profit or cost her life.,English,USA,Nominated for 1 Oscar. Another 8 wins & 21 nominations.,7.5,276374.0
6993,Hannah and Her Sisters,Comedy|Drama|Romance,1986,PG-13,107 min,Woody Allen,Woody Allen,"Barbara Hershey, Carrie Fisher, Michael Caine, Mia Farrow","Between two Thanksgivings two years apart, Hannah's husband falls in love with her sister Lee, while her hypochondriac ex-husband rekindles his relationship with her sister Holly.",English,USA,Won 3 Oscars. Another 22 wins & 27 nominations.,7.9,60797.0
1207,To Kill a Mockingbird,Drama,1962,NOT RATED,129 min,Robert Mulligan,"""Harper Lee (based on her novel """"To Kill a Mockingbird"""")|Horton Foote (screenplay)""","Gregory Peck, John Megna, Frank Overton, Rosemary Murphy","Atticus Finch, a lawyer in the Depression-era South, defends a black man against an undeserved rape charge, and his children against prejudice.",English,USA,Won 3 Oscars. Another 10 wins & 16 nominations.,8.3,266124.0
1244,Manhattan,Comedy|Drama|Romance,1979,R,96 min,Woody Allen,Marshall Brickman|Woody Allen,"Woody Allen, Diane Keaton, Michael Murphy, Mariel Hemingway",The life of a divorced television writer dating a teenage girl is further complicated when he falls in love with his best friend's mistress.,English,USA,Nominated for 2 Oscars. Another 15 wins & 21 nominations.,8.0,120066.0
4246,Bridget Jones's Diary,Comedy|Drama|Romance,2001,R,97 min,Sharon Maguire,Andrew Davies (screenplay)|Helen Fielding (novel)|Helen Fielding (screenplay)|Richard Curtis (screenplay),"Renée Zellweger, Gemma Jones, Celia Imrie, James Faulkner",A British woman is determined to improve herself while she looks for love in a year in which she keeps a personal diary.,English,France|UK|USA,Nominated for 1 Oscar. Another 8 wins & 29 nominations.,6.7,202672.0
906,Gaslight,Drama|Thriller,1944,NOT RATED,114 min,George Cukor,John L. Balderston (screenplay)|John Van Druten (screenplay)|Patrick Hamilton (play)|Walter Reisch (screenplay),"Charles Boyer, Ingrid Bergman, Joseph Cotten, May Whitty","Years after her aunt was murdered in her home, a young woman moves back into the house with her new husband. However, he has a secret that he will do anything to protect, even if it means driving his wife insane.",English,USA,Won 2 Oscars. Another 3 wins & 7 nominations.,7.8,20355.0
1288,This Is Spinal Tap,Comedy,1984,R,82 min,Rob Reiner,Christopher Guest|Harry Shearer|Michael McKean|Rob Reiner,"Rob Reiner, Kimberly Stringer, Chazz Dominguez, Shari Hall","Spinal Tap, one of England's loudest bands, is chronicled by film director Marty DiBergi on what proves to be a fateful tour.",English,USA,2 wins & 2 nominations.,8.0,
2108,L.A. Story,Comedy|Romance,1991,PG-13,95 min,Mick Jackson,Steve Martin,"Steve Martin, Victoria Tennant, Richard E. Grant, Marilu Henner","With the help of a talking freeway billboard, a wacky weatherman tries to win the heart of an English newspaper reporter, who is struggling to make sense of the strange world of early 1990s Los Angeles.",English,USA,1 nomination.,6.7,27575.0
581,The Celluloid Closet,Documentary,1995,R,102 min,Jeffrey Friedman|Rob Epstein,Armistead Maupin (narration)|Jeffrey Friedman (story)|Rob Epstein (story)|Sharon Wood (story)|Vito Russo (book),"Lily Tomlin, Tony Curtis, Susie Bright, Arthur Laurents",A documentary surveying the various Hollywood screen depictions of homosexuals and the attitudes behind them throughout the history of North American film.,English,France|Germany|UK|USA,Nominated for 4 Primetime Emmys. Another 7 wins & 4 nominations.,7.8,5395.0
912,Casablanca,Drama|Romance,1942,PG,102 min,Michael Curtiz,Howard Koch (screenplay)|Joan Alison (play)|Julius J. Epstein (screenplay)|Murray Burnett (play)|Philip G. Epstein (screenplay),"Humphrey Bogart, Ingrid Bergman, Paul Henreid, Claude Rains",A cynical nightclub owner protects an old flame and her husband from Nazis in Morocco.,English|French|German|Italian,USA,Won 3 Oscars. Another 5 wins & 9 nominations.,8.5,466517.0
1266,Unforgiven,Drama|Western,1992,R,130 min,Clint Eastwood,David Webb Peoples,"Clint Eastwood, Gene Hackman, Morgan Freeman, Richard Harris","Retired Old West gunslinger William Munny reluctantly takes on one last job, with the help of his old partner and a young man.",English,USA,Won 4 Oscars. Another 44 wins & 45 nominations.,8.2,334828.0
1304,Butch Cassidy and the Sundance Kid,Action|Western,1969,PG,110 min,George Roy Hill,William Goldman,"Paul Newman, Robert Redford, Katharine Ross, Strother Martin","Wyoming, early 1900s. Butch Cassidy and The Sundance Kid are the leaders of a band of outlaws. After a train robbery goes wrong they find themselves on the run with a posse hard on their heels. Their solution - escape to Bolivia.",English|Spanish,USA,Won 4 Oscars. Another 16 wins & 14 nominations.,8.1,184412.0
1172,Cinema Paradiso,Drama,1988,R,155 min,Giuseppe Tornatore,Giuseppe Tornatore (screenplay)|Giuseppe Tornatore (story)|Richard Epcar (english version)|Vanna Paoli (collaborating writer),"Antonella Attili, Enzo Cannavale, Isa Danieli, Leo Gullotta",A filmmaker recalls his childhood when falling in love with the pictures at the cinema of his home village and forms a deep friendship with the cinema's projectionist.,Italian,France|Italy,Won 1 Oscar. Another 23 wins & 31 nominations.,8.5,196382.0
1089,Reservoir Dogs,Crime|Mystery|Thriller,1992,R,99 min,Quentin Tarantino,Quentin Tarantino|Quentin Tarantino (background radio dialogue written by)|Roger Avary (background radio dialogue written by),"Harvey Keitel, Tim Roth, Michael Madsen, Chris Penn","When a simple jewelry heist goes horribly wrong, the surviving criminals begin to suspect that one of them is a police informant.",English,USA,12 wins & 22 nominations.,8.3,805335.0
1267,The Manchurian Candidate,Crime|Thriller|War,1962,PG-13,126 min,John Frankenheimer,George Axelrod (screenplay)|Richard Condon (based upon a novel by),"Frank Sinatra, Laurence Harvey, Janet Leigh, Angela Lansbury",A former prisoner of war is brainwashed as an unwitting assassin for an international Communist conspiracy.,English,USA,Nominated for 2 Oscars. Another 5 wins & 6 nominations.,8.0,67033.0
2210,Sabotage,Thriller,1936,NOT RATED,76 min,Alfred Hitchcock,Alma Reville (continuity)|Charles Bennett (screen play)|E.V.H. Emmett (additional dialogue)|Helen Simpson (dialogue)|Ian Hay (dialogue)|Joseph Conrad (novel),"Sylvia Sidney, Oskar Homolka, Desmond Tester, John Loder","A Scotland Yard undercover detective is on the trail of a saboteur who is part of a plot to set off a bomb in London. But when the detective's cover is blown, the plot begins to unravel.",English,UK,N/A,7.1,12915.0
1082,The Candidate,Drama,1972,PG,110 min,Michael Ritchie,Jeremy Larner,"Robert Redford, Peter Boyle, Melvyn Douglas, Don Porter","Bill McKay is a candidate for the U.S. Senate from California. He has no hope of winning, so he is willing to tweak the establishment.",English,USA,Won 1 Oscar. Another 2 wins & 1 nomination.,7.1,8738.0
1834,The Spanish Prisoner,Crime|Drama|Mystery|Thriller,1997,PG,110 min,David Mamet,David Mamet,"Campbell Scott, Ricky Jay, Rebecca Pidgeon, Richard L. Friedman",An employee of a corporation with a lucrative secret process is tempted to betray it. But there's more to it than that.,English,USA,3 nominations.,7.3,20028.0
2040,The Computer Wore Tennis Shoes,Children|Comedy,1969,G,91 min,Robert Butler,Joseph L. McEveety,"Kurt Russell, Cesar Romero, Joe Flynn, William Schallert","At Medfield College, an accident with a donated computer gives Dexter Riley the ability to remember any knowledge learned instantly and perfectly.",English,USA,N/A,6.1,3704.0
164,Devil in a Blue Dress,Crime|Film-Noir|Mystery|Thriller,1995,R,102 min,Carl Franklin,Carl Franklin (screenplay)|Walter Mosley (book),"Denzel Washington, Tom Sizemore, Jennifer Beals, Don Cheadle","An African-American man is hired to find a woman, and gets mixed up in a murderous political scandal.",English,USA,3 wins & 13 nominations.,6.7,15458.0
3983,You Can Count on Me,Drama|Romance,2000,R,111 min,Kenneth Lonergan,Kenneth Lonergan,"Amy Ryan, Michael Countryman, Adam LeFevre, Halley Feiffer","A single mother's life is thrown into turmoil after her struggling, rarely seen younger brother returns to town.",English,USA,Nominated for 2 Oscars. Another 30 wins & 41 nominations.,7.6,25744.0
94,Beautiful Girls,Comedy|Drama|Romance,1996,R,112 min,Ted Demme,Scott Rosenberg,"Matt Dillon, Noah Emmerich, Annabeth Gish, Lauren Holly",A piano player at a crossroads in his life returns home to his friends and their own problems with life and love.,English,USA,1 win & 3 nominations.,7.2,29509.0
1394,Raising Arizona,Comedy,1987,PG-13,94 min,Ethan Coen|Joel Coen,Ethan Coen|Joel Coen,"Nicolas Cage, Holly Hunter, Trey Wilson, John Goodman","When a childless couple of an ex-con and an ex-cop decide to help themselves to one of another family's quintuplets, their lives become more complicated than they anticipated.",English,USA,4 nominations.,7.4,113940.0
57,Home for the Holidays,Drama,1995,PG-13,103 min,Jodie Foster,Chris Radant (short story)|W.D. Richter (screenplay),"Holly Hunter, Robert Downey Jr., Anne Bancroft, Charles Durning","After losing her job, making out with her soon-to-be former boss, and finding out that her daughter plans to spend Thanksgiving with her boyfriend, Claudia Larson faces spending the holiday with her family.",English,USA,2 nominations.,6.6,10633.0
306,Three Colors: Red,Drama,1994,R,99 min,Krzysztof Kieslowski,Agnieszka Holland (scenario collaborator)|Edward Klosinski (scenario collaborator)|Edward Zebrowski (scenario collaborator)|Krzysztof Kieslowski|Krzysztof Piesiewicz|Marcin Latallo (dialogue translation),"Irène Jacob, Jean-Louis Trintignant, Frédérique Feder, Jean-Pierre Lorit",A model discovers her neighbor is keen on invading people's privacy.,French,France|Poland|Switzerland,Nominated for 3 Oscars. Another 17 wins & 21 nominations.,8.1,78264.0
339,While You Were Sleeping,Comedy|Romance,1995,PG,103 min,Jon Turteltaub,Daniel G. Sullivan|Fredric Lebow,"Sandra Bullock, Bill Pullman, Peter Gallagher, Peter Boyle",A hopeless romantic Chicago Transit Authority token collector is mistaken for the fiancée of a coma patient.,English,USA,Nominated for 1 Golden Globe. Another 4 wins & 4 nominations.,6.7,83190.0
919,The Wizard of Oz,Adventure|Children|Fantasy|Musical,1939,PG,102 min,George Cukor|King Vidor|Mervyn LeRoy|Norman Taurog|Victor Fleming,Edgar Allan Woolf (screenplay)|Florence Ryerson (screenplay)|L. Frank Baum (from the book by)|Noel Langley (adaptation)|Noel Langley (screenplay),"Judy Garland, Frank Morgan, Ray Bolger, Bert Lahr",Dorothy Gale is swept away from a farm in Kansas to a magical land of Oz in a tornado and embarks on a quest with her new friends to see the Wizard who can help her return home to Kansas and help her friends as well.,English,USA,Won 2 Oscars. Another 7 wins & 14 nominations.,8.0,346677.0
923,Citizen Kane,Drama|Mystery,1941,PG,119 min,Orson Welles,Herman J. Mankiewicz (original screen play)|Orson Welles (original screen play),"Joseph Cotten, Dorothy Comingore, Agnes Moorehead, Ruth Warrick","Following the death of a publishing tycoon, news reporters scramble to discover the meaning of his final utterance.",English,USA,Won 1 Oscar. Another 9 wins & 13 nominations.,8.3,356817.0
3996,"Crouching Tiger, Hidden Dragon",Action|Drama|Romance,2000,PG-13,120 min,Ang Lee,Du Lu Wang (book)|Hui-Ling Wang (screenplay)|James Schamus (screenplay)|Kuo Jung Tsai (screenplay),"Yun-Fat Chow, Michelle Yeoh, Ziyi Zhang, Chen Chang",A young Chinese warrior steals a sword from a famed swordsman and then escapes into a world of romantic adventure with a mysterious man in the frontier of the nation.,Mandarin,China|Hong Kong|Taiwan|USA,Won 4 Oscars. Another 96 wins & 130 nominations.,7.9,237204.0
3730,The Conversation,Drama|Mystery,1974,PG,113 min,Francis Ford Coppola,Francis Ford Coppola,"Gene Hackman, John Cazale, Allen Garfield, Frederic Forrest","A paranoid, secretive surveillance expert has a crisis of conscience when he suspects that a couple, on whom he is spying, will be murdered.",English,USA,Nominated for 3 Oscars. Another 14 wins & 13 nominations.,7.9,85866.0
2640,Superman,Action|Adventure|Sci-Fi,1978,PG,143 min,Richard Donner,David Newman (screenplay)|Jerry Siegel (character created by: Superman)|Joe Shuster (character created by: Superman)|Leslie Newman (screenplay)|Mario Puzo (screenplay)|Mario Puzo (story)|Robert Benton (screenplay),"Marlon Brando, Gene Hackman, Christopher Reeve, Ned Beatty","An alien orphan is sent from his dying planet to Earth, where he grows up to become his adoptive home's first and greatest superhero.",English,Canada|Panama|Switzerland|UK|USA,Nominated for 3 Oscars. Another 17 wins & 18 nominations.,7.3,145588.0
1029,Dumbo,Animation|Children|Drama|Musical,1941,G,64 min,Ben Sharpsteen|Bill Roberts|Jack Kinney|John Elliotte|Norman Ferguson|Samuel Armstrong|Wilfred Jackson,Aurelius Battaglia (story development)|Bill Peet (story development)|Dick Huemer (screen story)|Joe Grant (screen story)|Joe Rinaldi (story development)|Otto Englander (story direction)|Vernon Stallings (story development)|Webb Smith (story development),"James Baskett, Herman Bing, Mel Blanc, Billy Bletcher","Ridiculed because of his enormous ears, a young circus elephant is assisted by a mouse to achieve his full potential.",English,USA,Won 1 Oscar. Another 3 wins & 1 nomination.,7.3,104198.0
1010,The Love Bug,Children|Comedy,1968,G,108 min,Robert Stevenson,Bill Walsh (screenplay)|Don DaGradi (screenplay)|Gordon Buford (story),"Dean Jones, Michele Lee, David Tomlinson, Buddy Hackett",A race car driver becomes a champion with a Volkswagen Beetle with a mind of its own.,Cantonese|English|Spanish,USA,1 win & 2 nominations.,6.5,12492.0
1186,"Sex, Lies, and Videotape",Drama,1989,R,100 min,Steven Soderbergh,Steven Soderbergh,"James Spader, Andie MacDowell, Peter Gallagher, Laura San Giacomo",A sexually repressed woman's husband is having an affair with her sister. The arrival of a visitor with a rather unusual fetish changes everything.,English,USA,Nominated for 1 Oscar. Another 15 wins & 22 nominations.,7.2,43979.0
3097,The Shop Around the Corner,Comedy|Drama|Romance,1940,NOT RATED,99 min,Ernst Lubitsch,Miklós László (based on a play by)|Samson Raphaelson (screenplay),"Margaret Sullavan, James Stewart, Frank Morgan, Joseph Schildkraut","Two employees at a gift shop can barely stand each other, without realizing that they are falling in love through the post as each other's anonymous pen pal.",English,USA,2 wins.,8.1,24030.0
4034,Traffic,Crime|Drama|Thriller,2000,R,147 min,Steven Soderbergh,Simon Moore (miniseries Traffik)|Stephen Gaghan (screenplay),"Benicio Del Toro, Jacob Vargas, Andrew Chavez, Michael Saucedo","A conservative judge is appointed by the President to spearhead America's escalating war against drugs, only to discover that his teenage daughter is a crack addict. Two DEA agents protect an informant. A jailed drug baron's wife attempts to carry on the family business.",English|Spanish,Germany|USA,Won 4 Oscars. Another 69 wins & 83 nominations.,7.6,184901.0
1225,Amadeus,Drama,1984,R,160 min,Milos Forman,Peter Shaffer (original screenplay)|Peter Shaffer (original stage play),"F. Murray Abraham, Tom Hulce, Elizabeth Berridge, Roy Dotrice","The life, success and troubles of Wolfgang Amadeus Mozart, as told by Antonio Salieri, the contemporary composer who was insanely jealous of Mozart's talent and claimed to have murdered him.",English|German|Italian|Latin,Czechoslovakia|France|USA,Won 8 Oscars. Another 33 wins & 14 nominations.,8.3,330030.0
1299,The Killing Fields,Drama|War,1984,R,141 min,Roland Joffé,Bruce Robinson (screenplay),"Sam Waterston, Haing S. Ngor, John Malkovich, Julian Sands","A journalist is trapped in Cambodia during tyrant Pol Pot's bloody 'Year Zero' cleansing campaign, which claimed the lives of two million 'undesirable' civilians.",English|French|Khmer|Russian,UK,Won 3 Oscars. Another 24 wins & 22 nominations.,7.9,47062.0
4465,The Accused,Drama,1988,R,111 min,Jonathan Kaplan,Tom Topor,"Kelly McGillis, Jodie Foster, Bernie Coulson, Leo Rossi","After a young woman suffers a brutal gang rape in a bar one night, a prosecutor assists in bringing the perpetrators to justice, including the ones who encouraged and cheered on the attack.",English,USA,Won 1 Oscar. Another 5 wins & 5 nominations.,7.1,28302.0
1252,Chinatown,Crime|Film-Noir|Mystery|Thriller,1974,R,130 min,Roman Polanski,Robert Towne,"Jack Nicholson, Faye Dunaway, John Huston, Perry Lopez","A private detective hired to expose an adulterer finds himself caught up in a web of deceit, corruption, and murder.",Cantonese|English|Spanish,USA,Won 1 Oscar. Another 20 wins & 24 nominations.,8.2,261666.0
904,Rear Window,Mystery|Thriller,1954,PG,112 min,Alfred Hitchcock,Cornell Woolrich (based on the short story by)|John Michael Hayes (screenplay),"James Stewart, Grace Kelly, Wendell Corey, Thelma Ritter",A wheelchair-bound photographer spies on his neighbors from his apartment window and becomes convinced one of them has committed murder.,English,USA,Nominated for 4 Oscars. Another 6 wins & 8 nominations.,8.5,389785.0
1189,The Thin Blue Line,Documentary,1988,NOT RATED,101 min,Errol Morris,Errol Morris,"Randall Adams, David Harris, Gus Rose, Jackie Johnson","A film that successfully argued that a man was wrongly convicted for murder by a corrupt justice system in Dallas County, Texas.",English,USA,12 wins & 5 nominations.,8.0,19537.0
3341,Born Yesterday,Comedy,1950,APPROVED,103 min,George Cukor,Albert Mannheimer (screenplay)|Garson Kanin (play),"Judy Holliday, Broderick Crawford, William Holden, Howard St. John","A tycoon hires a tutor to teach his lover proper etiquette, with unexpected results.",English,USA,Won 1 Oscar. Another 3 wins & 10 nominations.,7.6,8757.0
4235,Amores Perros,Drama|Thriller,2000,R,154 min,Alejandro G. Iñárritu,Guillermo Arriaga,"Emilio Echevarría, Gael García Bernal, Goya Toledo, Álvaro Guerrero","A horrific car accident connects three stories, each involving characters dealing with loss, regret, and life's harsh realities, all in the name of love.",Spanish,Mexico,Nominated for 1 Oscar. Another 54 wins & 22 nominations.,8.1,204257.0
1732,,,,,,,,,,,,,,
1635,The Ice Storm,Drama,1997,R,112 min,Ang Lee,James Schamus (screenplay by)|Rick Moody (based upon the novel by),"Kevin Kline, Joan Allen, Sigourney Weaver, Henry Czerny","In suburban New Canaan, Connecticut, 1973, middle class families experimenting with casual sex and substance abuse find their lives beyond their control.",English,USA,Nominated for 1 Golden Globe. Another 5 wins & 30 nominations.,7.5,50248.0
3163,Topsy-Turvy,Comedy|Drama|Musical,1999,R,154 min,Mike Leigh,Mike Leigh,"Allan Corduner, Dexter Fletcher, Sukie Smith, Roger Heathcott","Set in the 1880s, the story of how, during a creative dry spell, the partnership of the legendary musical/theatrical writers Gilbert and Sullivan almost dissolves, before they turn it all around and write the Mikado.",English|French|German|Italian|Japanese,UK|USA,Won 2 Oscars. Another 11 wins & 27 nominations.,7.4,10958.0
903,Vertigo,Drama|Mystery|Romance|Thriller,1958,PG,128 min,Alfred Hitchcock,"""Alec Coppel (screenplay by)|Pierre Boileau (based on the novel """"D'Entre Les Morts"""" by)|Samuel A. Taylor (screenplay by)|Thomas Narcejac (based on the novel """"D'Entre Les Morts"""" by)""","James Stewart, Kim Novak, Barbara Bel Geddes, Tom Helmore",A former police detective juggles wrestling with his personal demons and becoming obsessed with a hauntingly beautiful woman.,English,USA,Nominated for 2 Oscars. Another 8 wins & 4 nominations.,8.3,313607.0
318,The Shawshank Redemption,Crime|Drama,1994,R,142 min,Frank Darabont,"""Frank Darabont (screenplay)|Stephen King (short story """"Rita Hayworth and Shawshank Redemption"""")""","Tim Robbins, Morgan Freeman, Bob Gunton, William Sadler","Two imprisoned men bond over a number of years, finding solace and eventual redemption through acts of common decency.",English,USA,Nominated for 7 Oscars. Another 19 wins & 32 nominations.,9.3,2045900.0
3068,The Verdict,Drama|Mystery,1982,R,129 min,Sidney Lumet,Barry Reed (based upon the novel by)|David Mamet (screenplay),"Paul Newman, Charlotte Rampling, Jack Warden, James Mason",A lawyer sees the chance to salvage his career and self-respect by taking a medical malpractice case to trial rather than settling.,English,USA,Nominated for 5 Oscars. Another 3 wins & 9 nominations.,7.8,31495.0
3476,Jacob's Ladder,Horror|Mystery,1990,R,113 min,Adrian Lyne,Bruce Joel Rubin,"Tim Robbins, Elizabeth Peña, Danny Aiello, Matt Craven","Mourning his dead child, a haunted Vietnam War veteran attempts to uncover his past while suffering from a severe case of dissociation. To do so, he must decipher reality and life from his own dreams, delusions, and perceptions of death.",English,USA,3 wins.,7.5,89034.0
3671,Blazing Saddles,Comedy|Western,1974,R,93 min,Mel Brooks,Alan Uger (screenplay)|Andrew Bergman (screenplay)|Andrew Bergman (story)|Mel Brooks (screenplay)|Norman Steinberg (screenplay)|Richard Pryor (screenplay),"Cleavon Little, Gene Wilder, Slim Pickens, Harvey Korman","In order to ruin a western town, a corrupt politician appoints a black Sheriff, who promptly becomes his most formidable adversary.",English|German|Yiddish,USA,Nominated for 3 Oscars. Another 3 wins & 2 nominations.,7.8,114220.0
17,Sense and Sensibility,Drama|Romance,1995,PG,136 min,Ang Lee,Emma Thompson (screenplay)|Jane Austen (novel),"James Fleet, Tom Wilkinson, Harriet Walter, Kate Winslet","Rich Mr. Dashwood dies, leaving his second wife and her three daughters poor by the rules of inheritance. The two eldest daughters are the titular opposites.",English|French,UK|USA,Won 1 Oscar. Another 31 wins & 44 nominations.,7.7,90257.0
2702,Summer of Sam,Drama,1999,R,142 min,Spike Lee,Michael Imperioli (screenplay)|Spike Lee|Spike Lee (screenplay)|Victor Colicchio (screenplay),"John Leguizamo, Adrien Brody, Mira Sorvino, Jennifer Esposito","""Spike Lee's take on the """"Son of Sam"""" murders in New York City during the summer of 1977 centering on the residents of an Italian-American Northeast Bronx neighborhood who live in fear and distrust of one another.""",English|Italian,USA,6 nominations.,6.6,33781.0
3952,The Contender,Drama|Thriller,2000,R,126 min,Rod Lurie,Rod Lurie,"Gary Oldman, Joan Allen, Jeff Bridges, Christian Slater","Senator Laine Hanson is a contender for U.S. Vice President, but information and disinformation about her past surfaces that threatens to derail her confirmation.",English,Germany|UK|USA,Nominated for 2 Oscars. Another 1 win & 20 nominations.,7.0,21861.0
1293,Gandhi,Drama,1982,PG,191 min,Richard Attenborough,John Briley,"Ben Kingsley, Rohini Hattangadi, Roshan Seth, Candice Bergen","Gandhi's character is fully explained as a man of nonviolence. Through his patience, he is able to drive the British out of the subcontinent. And the stubborn nature of Jinnah and his commitment towards Pakistan is portrayed.",English,India|UK|USA,Won 8 Oscars. Another 27 wins & 20 nominations.,8.1,204376.0
1017,Swiss Family Robinson,Adventure|Children,1960,G,126 min,Ken Annakin,Johann David Wyss (novel)|Lowell S. Hawley (screenplay),"John Mills, Dorothy McGuire, James MacArthur, Janet Munro",A Swiss family must survive being shipwrecked on a deserted island.,English,USA,N/A,7.2,11978.0
1057,Everyone Says I Love You,Comedy|Musical|Romance,1996,R,101 min,Woody Allen,Woody Allen,"Edward Norton, Drew Barrymore, Diva Gray, Ami Almendral",A New York girl sets her father up with a beautiful woman in a troubled marriage while her stepsister gets engaged.,English|French|Hindi|Italian,USA,Nominated for 1 Golden Globe. Another 11 wins & 11 nominations.,6.8,33138.0
381,When a Man Loves a Woman,Drama|Romance,1994,R,126 min,Luis Mandoki,Al Franken|Ronald Bass,"Andy Garcia, Meg Ryan, Ellen Burstyn, Tina Majorino",The seemingly perfect relationship between a man and his wife is tested as a result of her alcoholism.,English|Vietnamese,USA,4 nominations.,6.6,18743.0
2206,Suspicion,Film-Noir|Mystery|Thriller,1941,NOT RATED,99 min,Alfred Hitchcock,Alma Reville (screen play)|Anthony Berkeley (novel)|Joan Harrison (screen play)|Samson Raphaelson (screen play),"Cary Grant, Joan Fontaine, Cedric Hardwicke, Nigel Bruce","A shy young heiress marries a charming gentleman, and soon begins to suspect he is planning to murder her.",English,USA,Won 1 Oscar. Another 3 wins & 2 nominations.,7.4,28110.0
3897,Almost Famous,Drama,2000,R,122 min,Cameron Crowe,Cameron Crowe,"Billy Crudup, Frances McDormand, Kate Hudson, Jason Lee",A high-school boy is given the chance to write a story for Rolling Stone Magazine about an up-and-coming rock band as he accompanies them on their concert tour.,English|French,USA,Won 1 Oscar. Another 52 wins & 103 nominations.,7.9,232628.0
594,Snow White and the Seven Dwarfs,Animation|Children|Drama|Fantasy|Musical,1937,G,83 min,Ben Sharpsteen|David Hand|Larry Morey|Perce Pearce|Wilfred Jackson|William Cottrell,Dick Rickard (story adaptation)|Dorothy Ann Blank (story adaptation)|Earl Hurd (story adaptation)|Jacob Grimm (fairy tales)|Merrill De Maris (story adaptation)|Otto Englander (story adaptation)|Richard Creedon (story adaptation)|Ted Sears (story adaptation)|Webb Smith (story adaptation)|Wilhelm Grimm (fairy tales),"Roy Atwell, Stuart Buchanan, Adriana Caselotti, Eddie Collins","Exiled into the dangerous forest by her wicked stepmother, a princess is rescued by seven dwarf miners who make her part of their household.",English,USA,Nominated for 1 Oscar. Another 11 wins & 5 nominations.,7.6,160640.0
1945,On the Waterfront,Crime|Drama,1954,NOT RATED,108 min,Elia Kazan,Budd Schulberg (based upon an original story by)|Budd Schulberg (screenplay)|Malcolm Johnson (suggested by articles by),"Marlon Brando, Karl Malden, Lee J. Cobb, Rod Steiger",An ex-prize fighter turned longshoreman struggles to stand up to his corrupt union bosses.,English,USA,Won 8 Oscars. Another 21 wins & 9 nominations.,8.2,126578.0
1957,Chariots of Fire,Drama,1981,PG,125 min,Hugh Hudson,Colin Welland (original screenplay),"Nicholas Farrell, Nigel Havers, Ian Charleson, Ben Cross","Two British track athletes, one a determined Jew, and the other a devout Christian, compete in the 1924 Olympics.",English|French,UK,Won 4 Oscars. Another 14 wins & 19 nominations.,7.2,48345.0
441,Dazed and Confused,Comedy,1993,R,102 min,Richard Linklater,Richard Linklater,"Jason London, Joey Lauren Adams, Milla Jovovich, Shawn Andrews",The adventures of high school and junior high students on the last day of school in May 1976.,English,USA,4 nominations.,7.7,145054.0
800,Lone Star,Drama|Mystery|Western,1996,R,135 min,John Sayles,John Sayles,"Stephen Mendillo, Stephen J. Lang, Chris Cooper, Elizabeth Peña","When the skeleton of his murdered predecessor is found, Sheriff Sam Deeds unearths many other long-buried secrets in his Texas border town.",English|Spanish,USA,Nominated for 1 Oscar. Another 15 wins & 17 nominations.,7.5,25508.0
2171,Next Stop Wonderland,Comedy|Drama|Romance,1998,R,104 min,Brad Anderson,Brad Anderson|Lyn Vaus,"Hope Davis, Philip Seymour Hoffman, Callie Thorne, Ken Cheeseman","An unlucky in love nurse finds her life taking a detour when her mother places a personals ad in the paper, while on the other side of Boston, a plumber is trying to change careers.",English,USA,3 wins & 2 nominations.,6.7,4307.0
307,Three Colors: Blue,Drama,1993,R,98 min,Krzysztof Kieslowski,Agnieszka Holland (scenario collaborator)|Edward Zebrowski (scenario collaborator)|Krzysztof Kieslowski (scenario)|Krzysztof Piesiewicz (scenario)|Slawomir Idziak (scenario collaborator),"Juliette Binoche, Benoît Régent, Florence Pernel, Charlotte Véry",A woman struggles to find a way to live her life after the death of her husband and child.,French|Polish|Romanian,France|Poland|Switzerland,Nominated for 3 Golden Globes. Another 20 wins & 14 nominations.,8.0,76541.0
1096,Sophie's Choice,Drama,1982,R,150 min,Alan J. Pakula,"""Alan J. Pakula (screenplay)|William Styron (based on the novel: """"Sophie's Choice"""" by)""","Meryl Streep, Kevin Kline, Peter MacNicol, Rita Karin","Sophie is the survivor of Nazi concentration camps, who has found a reason to live with Nathan, a sparkling if unsteady American Jew obsessed with the Holocaust. They befriend Stingo, the ...",English|French|German|Polish|Russian,UK|USA,Won 1 Oscar. Another 12 wins & 12 nominations.,7.6,35815.0
2929,Reds,Drama|Romance,1981,PG,195 min,Warren Beatty,Trevor Griffiths|Warren Beatty,"Warren Beatty, Diane Keaton, Edward Herrmann, Jerzy Kosinski","A radical American journalist becomes involved with the Communist revolution in Russia, and hopes to bring its spirit and idealism to the United States.",English|Finnish|French|German|Italian|Russian,USA,Won 3 Oscars. Another 19 wins & 34 nominations.,7.4,18893.0
930,Notorious,Film-Noir|Romance|Thriller,1946,NOT RATED,102 min,Alfred Hitchcock,Ben Hecht,"Cary Grant, Ingrid Bergman, Claude Rains, Louis Calhern",A woman is asked to spy on a group of Nazi friends in South America. How far will she have to go to ingratiate herself with them?,English|French|Portuguese,USA,Nominated for 2 Oscars. Another 3 wins & 1 nomination.,8.0,83918.0
1256,Duck Soup,Comedy|Musical|War,1933,NOT RATED,68 min,Leo McCarey,Arthur Sheekman (additional dialogue)|Bert Kalmar (story)|Harry Ruby (story)|Nat Perrin (additional dialogue),"The Marx Brothers, Groucho Marx, Harpo Marx, Chico Marx",Rufus T. Firefly is named president/dictator of bankrupt Freedonia and declares war on neighboring Sylvania over the love of wealthy Mrs. Teasdale.,English,USA,2 wins & 2 nominations.,8.0,51703.0
922,Sunset Boulevard,Drama|Film-Noir|Romance,1950,NOT RATED,110 min,Billy Wilder,Billy Wilder|Charles Brackett|D.M. Marshman Jr.,"William Holden, Gloria Swanson, Erich von Stroheim, Nancy Olson","A screenwriter is hired to rework a faded silent film star's script, only to find himself developing a dangerous relationship.",English,USA,Won 3 Oscars. Another 15 wins & 18 nominations.,8.4,175238.0
1041,Secrets & Lies,Drama,1996,R,136 min,Mike Leigh,Mike Leigh,"Timothy Spall, Phyllis Logan, Brenda Blethyn, Claire Rushbrook","A successful black woman discovers that her birth mother is a underprivileged white woman, but the woman denies it. As emotions run high, everyone's secrets are exposed.",English|Greek,France|UK,Nominated for 5 Oscars. Another 33 wins & 41 nominations.,8.0,33189.0
162,Crumb,Documentary,1994,R,119 min,Terry Zwigoff,N/A,"Robert Crumb, Aline Kominsky, Charles Crumb, Maxon Crumb",An intimate portrait of the controversial cartoonist and his traumatized family.,English,USA,16 wins & 5 nominations.,8.0,16536.0
2070,Tender Mercies,Drama|Romance|Western,1983,PG,92 min,Bruce Beresford,Horton Foote,"Robert Duvall, Tess Harper, Betty Buckley, Wilford Brimley","A broken-down, middle-aged country singer gets a new wife, reaches out to his long-lost daughter, and tries to put his troubled life back together.",English,USA,Won 2 Oscars. Another 7 wins & 14 nominations.,7.4,8314.0
2704,The Lovers on the Bridge,Drama|Romance,1991,R,125 min,Leos Carax,Leos Carax,"Juliette Binoche, Denis Lavant, Daniel Buain, Klaus-Michael Grüber","Alex, who's homeless and addicted to alcohol, and Michèle, who's losing her sight, form a relationship while sleeping rough on Paris's Pont-Neuf bridge.",French,France,Nominated for 1 BAFTA Film Award. Another 4 wins & 5 nominations.,7.6,10330.0
2912,The Limey,Crime|Drama|Thriller,1999,R,89 min,Steven Soderbergh,Lem Dobbs,"Terence Stamp, Lesley Ann Warren, Luis Guzmán, Barry Newman",An extremely volatile and dangerous Englishman goes to Los Angeles to find the man he considers responsible for his daughter's death.,English,USA,1 win & 9 nominations.,7.1,26798.0
3852,The Tao of Steve,Comedy,2000,R,87 min,Jenniphr Goodman,Duncan North|Duncan North (idea)|Duncan North (story)|Greer Goodman|Jenniphr Goodman,"Donal Logue, Ayelet Kaznelson, John Hines, John Harrington Bland","Underachieving, overweight kindergarten teacher Dex finds a woman who forces him to reexamine his Zen-like system of seduction.",English,USA,1 win & 1 nomination.,6.7,7079.0
3543,Diner,Comedy|Drama,1982,R,110 min,Barry Levinson,Barry Levinson,"Steve Guttenberg, Daniel Stern, Mickey Rourke, Kevin Bacon",A group of college-age buddies struggle with their imminent passage into adulthood in 1959 Baltimore.,English,USA,Nominated for 1 Oscar. Another 3 wins & 5 nominations.,7.2,17129.0
1594,In the Company of Men,Comedy|Drama,1997,R,97 min,Neil LaBute,Neil LaBute (play)|Neil LaBute (screenplay),"Aaron Eckhart, Stacy Edwards, Matt Malloy, Michael Martin","Two business executives--one an avowed misogynist, the other recently emotionally wounded by his love interest--set out to exact revenge on the female gender by seeking out the most innocent, uncorrupted girl they can find and ruining her life.",American Sign Language|English,Canada|USA,14 wins & 12 nominations.,7.2,12404.0
1845,Zero Effect,Comedy|Mystery|Thriller,1998,R,116 min,Jake Kasdan,Jake Kasdan,"Bill Pullman, Ben Stiller, Ryan O'Neal, Kim Dickens",The world's greatest detective Daryl Zero aided by his associate Steve Arlo investigates a complex and mysterious case of blackmail and missing keys for shady tycoon Gregory Stark who is less than forthcoming about what is really happening!,English,USA,1 nomination.,7.0,13245.0
171,Jeffrey,Comedy|Drama,1995,R,92 min,Christopher Ashley,Paul Rudnick (play)|Paul Rudnick (screenplay),"Steven Weber, Peter Jacobson, Tom Cayler, David Thornton","Jeffrey, a young gay man in New York, decides that sex is too much and decides to become celibate. He immediately meets the man of his dreams and must decide whether or not love is worth ...",English,USA,1 win & 4 nominations.,6.7,5327.0
1673,Boogie Nights,Drama,1997,R,155 min,Paul Thomas Anderson,Paul Thomas Anderson,"Luis Guzmán, Burt Reynolds, Julianne Moore, Rico Bueno",The story of a young man's adventures in the California pornography industry of the late 1970s and early 1980s.,English,USA,Nominated for 3 Oscars. Another 29 wins & 49 nominations.,7.9,216979.0
3090,Matewan,Drama,1987,PG-13,135 min,John Sayles,John Sayles,"Chris Cooper, Mary McDonnell, Will Oldham, David Strathairn",A labor union organizer comes to an embattled mining community brutally and violently dominated and harassed by the mining company.,English|Italian,USA,Nominated for 1 Oscar. Another 2 wins & 7 nominations.,7.9,6368.0
3608,Pee-wee's Big Adventure,Adventure|Comedy,1985,PG,91 min,Tim Burton,Michael Varhol|Paul Reubens|Phil Hartman,"Paul Reubens, Elizabeth Daily, Mark Holton, Diane Salinger","When eccentric man-child Pee-wee Herman gets his beloved bike stolen in broad daylight, he sets out across the U.S. on the adventure of his life.",English|French,USA,2 nominations.,7.0,46065.0
928,Rebecca,Drama|Mystery|Romance|Thriller,1940,NOT RATED,130 min,Alfred Hitchcock,Daphne Du Maurier (celebrated novel)|Joan Harrison (screen play)|Michael Hogan (adaptation)|Philip MacDonald (adaptation)|Robert E. Sherwood (screen play),"Laurence Olivier, Joan Fontaine, George Sanders, Judith Anderson",A self-conscious bride is tormented by the memory of her husband's dead first wife.,English|French,USA,Won 2 Oscars. Another 4 wins & 10 nominations.,8.1,108780.0
1234,The Sting,Comedy|Crime,1973,PG,129 min,George Roy Hill,David S. Ward,"Paul Newman, Robert Redford, Robert Shaw, Charles Durning",Two grifters team up to pull off the ultimate con.,English,USA,Won 7 Oscars. Another 11 wins & 6 nominations.,8.3,215191.0
1230,Annie Hall,Comedy|Romance,1977,PG,93 min,Woody Allen,Marshall Brickman|Woody Allen,"Woody Allen, Diane Keaton, Tony Roberts, Carol Kane",Neurotic New York comedian Alvy Singer falls in love with the ditzy Annie Hall.,English|German,USA,Won 4 Oscars. Another 26 wins & 8 nominations.,8.0,234164.0
1960,The Last Emperor,Drama,1987,PG-13,163 min,Bernardo Bertolucci,Bernardo Bertolucci (screenplay)|Enzo Ungari (initial screenplay collaboration)|Mark Peploe (screenplay),"John Lone, Joan Chen, Peter O'Toole, Ruocheng Ying",The story of the final Emperor of China.,English|Japanese|Mandarin,China|France|Italy|UK,Won 9 Oscars. Another 47 wins & 16 nominations.,7.8,83757.0
2728,Spartacus,Action|Drama|Romance|War,1960,PG-13,197 min,Stanley Kubrick,Dalton Trumbo (screenplay)|Howard Fast (based on the novel by),"Kirk Douglas, Laurence Olivier, Jean Simmons, Charles Laughton",The slave Spartacus leads a violent revolt against the decadent Roman Republic.,English,USA,Won 4 Oscars. Another 7 wins & 11 nominations.,7.9,111543.0
509,The Piano,Drama|Romance,1993,R,121 min,Jane Campion,Jane Campion,"Holly Hunter, Harvey Keitel, Sam Neill, Anna Paquin","A mute woman is sent to 1850s New Zealand along with her young daughter and prized piano for an arranged marriage to a wealthy landowner, but is soon lusted after by a local worker on the plantation.",British Sign Language|English|Maori,Australia|France|New Zealand,Won 3 Oscars. Another 60 wins & 56 nominations.,7.6,72152.0
1459,Absolute Power,Mystery|Thriller,1997,R,121 min,Clint Eastwood,David Baldacci (book)|William Goldman (screenplay),"Clint Eastwood, Gene Hackman, Ed Harris, Laura Linney",A career thief witnesses a horrific crime involving the U.S. President.,English|Spanish,USA,1 nomination.,6.7,45481.0
750,Dr. Strangelove or: How I Learned to Stop Worrying and Love the Bomb,Comedy|War,1964,PG,95 min,Stanley Kubrick,"""Peter George (based on the book: """"Red Alert"""" by)|Peter George (screenplay)|Stanley Kubrick (screenplay)|Terry Southern (screenplay)""","Peter Sellers, George C. Scott, Sterling Hayden, Keenan Wynn",An insane general triggers a path to nuclear holocaust that a War Room full of politicians and generals frantically tries to stop.,English|Russian,UK|USA,Nominated for 4 Oscars. Another 13 wins & 7 nominations.,8.4,407153.0
951,His Girl Friday,Comedy|Romance,1940,PASSED,92 min,Howard Hawks,"""Ben Hecht (from the play """"The Front Page"""")|Charles Lederer (screen play)|Charles MacArthur (from the play """"The Front Page"""")""","Cary Grant, Rosalind Russell, Ralph Bellamy, Gene Lockhart",A newspaper editor uses every trick in the book to keep his ace reporter ex-wife from remarrying.,English|French,USA,2 wins.,8.0,47856.0
1660,Eve's Bayou,Drama,1997,R,109 min,Kasi Lemmons,Kasi Lemmons,"Jurnee Smollett-Bell, Meagan Good, Lynn Whitfield, Samuel L. Jackson","After a daughter witnesses her father having an affair, she begins a chain reaction that could tear her family apart.",English,USA,11 wins & 17 nominations.,7.3,7666.0
3168,Easy Rider,Adventure|Drama,1969,R,95 min,Dennis Hopper,Dennis Hopper|Peter Fonda|Terry Southern,"Peter Fonda, Dennis Hopper, Antonio Mendoza, Phil Spector","Through the open country and desert lands, two bikers head from L.A to New Orleans, and along the way, meet a man who bridges a counter-culture gap they are unaware of.",English|Spanish,USA,Nominated for 2 Oscars. Another 8 wins & 12 nominations.,7.4,87071.0
3518,The End of Violence,Drama|Thriller,1997,R,122 min,Wim Wenders,Nicholas Klein|Nicholas Klein (story)|Wim Wenders (story),"Traci Lind, Rosalind Chao, Bill Pullman, Andie MacDowell",Mike Max is a Hollywood producer who became powerful and rich thanks to brutal and bloody action films. His ignored wife Paige is close to leaving him. Suddenly Mike is kidnapped by two ...,English|Spanish,France|Germany|USA,1 win & 4 nominations.,5.6,4418.0
527,Schindler's List,Drama|War,1993,R,195 min,Steven Spielberg,Steven Zaillian (screenplay)|Thomas Keneally (book),"Liam Neeson, Ben Kingsley, Ralph Fiennes, Caroline Goodall","In German-occupied Poland during World War II, Oskar Schindler gradually becomes concerned for his Jewish workforce after witnessing their persecution by the Nazi Germans.",English|German|Hebrew|Polish,USA,Won 7 Oscars. Another 82 wins & 49 nominations.,8.9,1064602.0
1343,Cape Fear,Thriller,1991,R,128 min,Martin Scorsese,James R. Webb (earlier screenplay)|John D. MacDonald (novel)|Wesley Strick (screenplay),"Robert De Niro, Nick Nolte, Jessica Lange, Juliette Lewis","A convicted rapist, released from prison after serving a fourteen-year sentence, stalks the family of the lawyer who originally defended him.",English,USA,Nominated for 2 Oscars. Another 4 wins & 17 nominations.,7.3,151365.0
1639,Chasing Amy,Comedy|Drama|Romance,1997,R,113 min,Kevin Smith,Kevin Smith,"Ethan Suplee, Ben Affleck, Scott Mosier, Jason Lee","Holden and Banky are comic book artists. Everything's going good for them until they meet Alyssa, also a comic book artist. Holden falls for her, but his hopes are crushed when he finds out she's a lesbian.",English,USA,Nominated for 1 Golden Globe. Another 5 wins & 15 nominations.,7.3,124383.0
82,Antonia's Line,Comedy|Drama,1995,R,102 min,Marleen Gorris,Marleen Gorris,"Willeke van Ammelrooy, Els Dottermans, Dora van der Groen, Veerle van Overloop","A Dutch matron establishes and, for several generations, oversees a close-knit, matriarchal community where feminism and liberalism thrive.",Dutch,Belgium|France|Netherlands|UK,Won 1 Oscar. Another 6 wins & 8 nominations.,7.5,7612.0
3044,Dead Again,Mystery|Romance|Thriller,1991,R,107 min,Kenneth Branagh,Scott Frank,"Kenneth Branagh, Andy Garcia, Emma Thompson, Lois Hall","A woman who has lost her memory is taken in by a Los Angeles orphanage, and a private eye is enlisted to track down her identity, but he soon finds that he might have a past life connection to her that endangers their lives.",English,USA,Nominated for 1 Golden Globe. Another 1 win & 4 nominations.,7.0,24007.0
3317,Wonder Boys,Comedy|Drama,2000,R,107 min,Curtis Hanson,Michael Chabon (novel)|Steve Kloves (screenplay),"Michael Douglas, Tobey Maguire, Frances McDormand, Robert Downey Jr.","An English Professor tries to deal with his wife leaving him, the arrival of his editor who has been waiting for his book for seven years, and the various problems that his friends and associates involve him in.",English,Germany|Japan|UK|USA,Won 1 Oscar. Another 19 wins & 46 nominations.,7.4,58251.0
356,Forrest Gump,Comedy|Drama|Romance|War,1994,PG-13,142 min,Robert Zemeckis,Eric Roth (screenplay)|Winston Groom (novel),"Tom Hanks, Rebecca Williams, Sally Field, Michael Conner Humphreys","The presidencies of Kennedy and Johnson, Vietnam, Watergate, and other history unfold through the perspective of an Alabama man with an IQ of 75.",English,USA,Won 6 Oscars. Another 40 wins & 67 nominations.,8.8,1566365.0
3185,Snow Falling on Cedars,Drama,1999,PG-13,127 min,Scott Hicks,David Guterson (novel)|Ronald Bass (screenplay)|Scott Hicks (screenplay),"Ethan Hawke, Yûki Kudô, Reeve Carney, Anne Suzuki","A Japanese-American fisherman is accused of killing his neighbor at sea. In the 1950s, race figures into the trial. So does reporter Ishmael.",English|German|Japanese,USA,Nominated for 1 Oscar. Another 5 wins & 9 nominations.,6.8,13119.0
25,Leaving Las Vegas,Drama|Romance,1995,R,111 min,Mike Figgis,John O'Brien (based upon the novel by)|Mike Figgis (screenplay by),"Nicolas Cage, Elisabeth Shue, Julian Sands, Richard Lewis","Ben Sanderson, a Hollywood screenwriter who lost everything because of his alcoholism, arrives in Las Vegas to drink himself to death. There, he meets and forms an uneasy friendship and non-interference pact with prostitute Sera.",English|Russian,France|UK|USA,Won 1 Oscar. Another 30 wins & 26 nominations.,7.5,105449.0
2112,Grand Canyon,Crime|Drama,1991,R,134 min,Lawrence Kasdan,Lawrence Kasdan|Meg Kasdan,"Danny Glover, Kevin Kline, Steve Martin, Mary McDonnell",Grand Canyon revolved around six residents from different backgrounds whose lives intertwine in modern-day Los Angeles. At the center of the film is the unlikely friendship of two men from ...,English,USA,Nominated for 1 Oscar. Another 3 wins & 3 nominations.,6.9,13846.0
2858,American Beauty,Drama|Romance,1999,R,122 min,Sam Mendes,Alan Ball,"Kevin Spacey, Annette Bening, Thora Birch, Wes Bentley",A sexually frustrated suburban father has a mid-life crisis after becoming infatuated with his daughter's best friend.,English,USA,Won 5 Oscars. Another 104 wins & 100 nominations.,8.4,974483.0
1213,Goodfellas,Crime|Drama,1990,R,146 min,Martin Scorsese,Martin Scorsese (screenplay)|Nicholas Pileggi (book)|Nicholas Pileggi (screenplay),"Robert De Niro, Ray Liotta, Joe Pesci, Lorraine Bracco","The story of Henry Hill and his life in the mob, covering his relationship with his wife Karen Hill and his mob partners Jimmy Conway and Tommy DeVito in the Italian-American crime syndicate.",English|Italian,USA,Won 1 Oscar. Another 43 wins & 37 nominations.,8.7,886287.0
3994,Unbreakable,Drama|Sci-Fi,2000,PG-13,106 min,M. Night Shyamalan,M. Night Shyamalan,"Bruce Willis, Samuel L. Jackson, Robin Wright, Spencer Treat Clark",A man learns something extraordinary about himself after a devastating accident.,English,USA,2 wins & 13 nominations.,7.3,328303.0
4055,Panic,Drama,2000,R,88 min,Henry Bromell,Henry Bromell,"William H. Macy, John Ritter, Neve Campbell, Donald Sutherland","Alex, a hit man, tries to get out of the family business, but his father won't let him do so. While seeking the help of a therapist, he meets a sexually charged 23-year-old woman with whom he falls in love.",English,USA,2 nominations.,6.8,7506.0
1912,Out of Sight,Comedy|Crime|Drama|Romance|Thriller,1998,R,123 min,Steven Soderbergh,Elmore Leonard (novel)|Scott Frank (screenplay),"George Clooney, Jennifer Lopez, Jim Robinson, Mike Malone","A career bank robber breaks out of jail, and shares a moment of mutual attraction with a U.S. Marshal he has kidnapped.",English,USA,Nominated for 2 Oscars. Another 13 wins & 12 nominations.,7.0,79090.0
6870,Mystic River,Crime|Drama|Mystery,2003,R,138 min,Clint Eastwood,Brian Helgeland (screenplay)|Dennis Lehane (novel),"Sean Penn, Tim Robbins, Kevin Bacon, Laurence Fishburne",The lives of three men who were childhood friends are shattered when one of them has a family tragedy.,English,Australia|USA,Won 2 Oscars. Another 53 wins & 142 nominations.,8.0,383089.0
1221,The Godfather: Part II,Crime|Drama,1974,R,202 min,Francis Ford Coppola,Francis Ford Coppola (screenplay by)|Mario Puzo (based on the novel by)|Mario Puzo (screenplay by),"Al Pacino, Robert Duvall, Diane Keaton, Robert De Niro","The early life and career of Vito Corleone in 1920s New York City is portrayed, while his son, Michael, expands and tightens his grip on the family crime syndicate.",English|Italian|Latin|Sicilian|Spanish,USA,Won 6 Oscars. Another 11 wins & 20 nominations.,9.0,974448.0
1289,Koyaanisqatsi,Documentary,1982,NOT RATED,86 min,Godfrey Reggio,Alton Walpole|Godfrey Reggio|Michael Hoenig|Ron Fricke,"Lou Dobbs, Ted Koppel","A collection of expertly photographed phenomena with no conventional plot. The footage focuses on nature, humanity and the relationship between them.",None,USA,5 wins & 1 nomination.,8.3,31325.0
21,Get Shorty,Comedy|Crime|Thriller,1995,R,105 min,Barry Sonnenfeld,Elmore Leonard (novel)|Scott Frank (screenplay),"John Travolta, Gene Hackman, Rene Russo, Danny DeVito","A mobster travels to Hollywood to collect a debt, and discovers that the movie business is much the same as his current job.",English,USA,Won 1 Golden Globe. Another 5 wins & 15 nominations.,6.9,70139.0
3246,Malcolm X,Drama,1992,PG-13,202 min,Spike Lee,Alex Haley (book)|Arnold Perl (screenplay)|Malcolm X (book)|Spike Lee (screenplay),"Denzel Washington, Angela Bassett, Albert Hall, Al Freeman Jr.","Biographical epic of the controversial and influential Black Nationalist leader, from his early life and career as a small-time gangster, to his ministry as a member of the Nation of Islam.",English,Japan|USA,Nominated for 2 Oscars. Another 18 wins & 22 nominations.,7.7,74314.0
492,Manhattan Murder Mystery,Comedy|Mystery,1993,PG,104 min,Woody Allen,Marshall Brickman|Woody Allen,"Woody Allen, Diane Keaton, Jerry Adler, Lynn Cohen",A middle-aged couple suspects foul play when their neighbor's wife suddenly drops dead.,English,USA,Nominated for 1 Golden Globe. Another 3 nominations.,7.4,33350.0
866,Bound,Crime|Drama|Romance|Thriller,1996,R,109 min,Lana Wachowski|Lilly Wachowski,Lana Wachowski|Lilly Wachowski,"Jennifer Tilly, Gina Gershon, Joe Pantoliano, John P. Ryan","Corky, a tough female ex con and her lover Violet concoct a scheme to steal millions of stashed mob money and pin the blame on Violet's crooked boyfriend Caesar.",English|Italian,USA,8 wins & 13 nominations.,7.4,46477.0
3507,The Odd Couple,Comedy,1968,G,105 min,Gene Saks,Neil Simon (from the play by)|Neil Simon (screenplay),"Jack Lemmon, Walter Matthau, John Fiedler, Herb Edelman","Two friends try sharing an apartment, but their ideas of housekeeping and lifestyles are as different as night and day.",English,USA,Nominated for 2 Oscars. Another 3 wins & 7 nominations.,7.7,28721.0
2130,Atlantic City,Crime|Drama|Romance,1980,R,104 min,Louis Malle,John Guare,"Burt Lancaster, Susan Sarandon, Kate Reid, Michel Piccoli","In a corrupt city, a small-time gangster and the estranged wife of a pot dealer find themselves thrown together in an escapade of love, money, drugs and danger.",English|French,Canada|France,Nominated for 5 Oscars. Another 25 wins & 16 nominations.,7.4,13001.0
2352,The Big Chill,Comedy|Drama,1983,R,105 min,Lawrence Kasdan,Barbara Benedek|Lawrence Kasdan,"Tom Berenger, Glenn Close, Jeff Goldblum, William Hurt",A group of seven former college friends gather for a weekend reunion at a South Carolina vacation home after the funeral of another of their college friends.,English,USA,Nominated for 3 Oscars. Another 3 wins & 5 nominations.,7.2,29651.0
3081,Sleepy Hollow,Fantasy|Horror|Mystery|Romance,1999,R,105 min,Tim Burton,"""Andrew Kevin Walker (screen story)|Andrew Kevin Walker (screenplay)|Kevin Yagher (screen story)|Washington Irving (story """"The Legend of Sleepy Hollow"""")""","Johnny Depp, Christina Ricci, Miranda Richardson, Michael Gambon","Ichabod Crane is sent to Sleepy Hollow to investigate the decapitations of three people, with the culprit being the legendary apparition, The Headless Horseman.",English|Latin,Germany|USA,Won 1 Oscar. Another 23 wins & 39 nominations.,7.4,302552.0
1282,Fantasia,Animation|Children|Fantasy|Musical,1940,G,125 min,Ben Sharpsteen|Bill Roberts|David Hand|Ford Beebe Jr.|Hamilton Luske|James Algar|Jim Handley|Norman Ferguson|Paul Satterfield|Samuel Armstrong|T. Hee|Wilfred Jackson,Albert Heath (story development)|Arthur Heinemann (story development)|Bianca Majolie (story development)|Bill Peet (story development)|Campbell Grant (story development)|Carl Fallberg (story development)|Dick Huemer (story direction)|Elmer Plummer (story development)|Erdman Penner (story development)|Graham Heid (story development)|Joe Grant (story direction)|John McLeish (story development and research)|Joseph Sabo (story development)|Lee Blair (story development)|Leo Thiele (story development and research)|Norman Wright (story development)|Otto Englander (story development)|Perce Pearce (story development)|Phil Dike (story development)|Phil Dike (story development)|Robert Sterner (story development and research)|Sylvia Moberly-Holland (story development)|Vernon Stallings (story development)|Webb Smith (story development)|William Martin (story development and research),"Leopold Stokowski, Deems Taylor",A collection of animated interpretations of great works of Western classical music.,English,USA,8 wins & 1 nomination.,7.8,80987.0
1906,Mr. Jealousy,Comedy|Romance,1997,R,103 min,Noah Baumbach,Noah Baumbach,"Eric Stoltz, Annabella Sciorra, Chris Eigeman, Carlos Jacott",Lester is an occasional substitute teacher and he's very jealous. He is jealous about the last boyfriend of Lester's slightly wacky current partner Ramona - arrogant best-selling author ...,English,USA,N/A,6.5,1688.0
3396,The Muppet Movie,Adventure|Children|Comedy|Musical,1979,G,95 min,James Frawley,Jack Burns|Jerry Juhl,"Jim Henson, Frank Oz, Jerry Nelson, Richard Hunt","Kermit and his newfound friends trek across America to find success in Hollywood, but a frog legs merchant is after Kermit.",English,UK|USA,Nominated for 2 Oscars. Another 3 wins & 9 nominations.,7.6,28992.0
608,Fargo,Comedy|Crime|Drama|Thriller,1996,R,98 min,Ethan Coen|Joel Coen,Ethan Coen|Joel Coen,"William H. Macy, Steve Buscemi, Peter Stormare, Kristin Rudrüd",Jerry Lundegaard's inept crime falls apart due to his and his henchmen's bungling and the persistent police work of the quite pregnant Marge Gunderson.,English,UK|USA,Won 2 Oscars. Another 79 wins & 59 nominations.,8.1,550751.0
899,Singin' in the Rain,Comedy|Musical|Romance,1952,G,103 min,Gene Kelly|Stanley Donen,Adolph Green (story by)|Betty Comden (story by),"Gene Kelly, Donald O'Connor, Debbie Reynolds, Jean Hagen",A silent film production company and cast make a difficult transition to sound.,English,USA,Nominated for 2 Oscars. Another 5 wins & 7 nominations.,8.3,192187.0
334,Vanya on 42nd Street,Drama,1994,PG,119 min,Louis Malle,Andre Gregory (screenplay)|Anton Chekhov (play)|David Mamet (play),"Phoebe Brand, Lynn Cohen, George Gaynes, Jerry Mayer","""New York actors rehearse Chekhov's """"Uncle Vanya"""" in a dilapidated theatre.""",English,USA,2 wins & 12 nominations.,7.4,3889.0
953,It's a Wonderful Life,Children|Drama|Fantasy|Romance,1946,PG,130 min,Frank Capra,Albert Hackett (screenplay)|Frances Goodrich (screenplay)|Frank Capra (screenplay)|Jo Swerling (additional scenes)|Philip Van Doren Stern (story),"James Stewart, Donna Reed, Lionel Barrymore, Thomas Mitchell",An angel is sent from Heaven to help a desperately frustrated businessman by showing him what life would have been like if he had never existed.,English|French,USA,Nominated for 5 Oscars. Another 6 wins & 1 nomination.,8.6,349071.0
1617,L.A. Confidential,Crime|Film-Noir|Mystery|Thriller,1997,R,138 min,Curtis Hanson,Brian Helgeland (screenplay)|Curtis Hanson (screenplay)|James Ellroy (novel),"Kevin Spacey, Russell Crowe, Guy Pearce, James Cromwell","As corruption grows in 1950s Los Angeles, three policemen -- one strait-laced, one brutal, and one sleazy -- investigate a series of murders with their own brand of justice.",English,USA,Won 2 Oscars. Another 85 wins & 82 nominations.,8.3,485384.0
534,Shadowlands,Drama|Romance,1993,PG,131 min,Richard Attenborough,William Nicholson (play)|William Nicholson (screenplay),"Julian Fellowes, Roddy Maude-Roxby, Michael Denison, Andrew Seear","C.S. Lewis, a world-renowned Christian theologian, writer and professor, leads a passionless life until he meets a spirited poet from the U.S.",English,UK,Nominated for 2 Oscars. Another 7 wins & 11 nominations.,7.4,15084.0
2427,The Thin Red Line,Action|Drama|War,1998,R,170 min,Terrence Malick,James Jones (novel)|Terrence Malick (screenplay),"Kirk Acevedo, Penelope Allen, Benjamin Green, Simon Billig","Adaptation of James Jones' autobiographical 1962 novel, focusing on the conflict at Guadalcanal during the second World War.",English|Greek|Japanese|Tok Pisin,USA,Nominated for 7 Oscars. Another 20 wins & 40 nominations.,7.6,158403.0
1953,The French Connection,Action|Crime|Thriller,1971,R,104 min,William Friedkin,Ernest Tidyman (screenplay by)|Robin Moore (based on the book by),"Gene Hackman, Fernando Rey, Roy Scheider, Tony Lo Bianco",A pair of NYC cops in the Narcotics Bureau stumble onto a drug smuggling job with a French connection.,English|French,USA,Won 5 Oscars. Another 17 wins & 10 nominations.,7.8,97839.0
913,The Maltese Falcon,Film-Noir|Mystery,1941,NOT RATED,100 min,John Huston,Dashiell Hammett (based upon the novel by)|John Huston (screen play by),"Humphrey Bogart, Mary Astor, Gladys George, Peter Lorre","A private detective takes on a case that involves him with three eccentric criminals, a gorgeous liar, and their quest for a priceless statuette.",English,USA,Nominated for 3 Oscars. Another 4 wins.,8.1,138564.0
3145,Cradle Will Rock,Drama,1999,R,132 min,Tim Robbins,Tim Robbins,"Hank Azaria, Rubén Blades, Joan Cusack, John Cusack","A true story of politics and art in the 1930s U.S., focusing on a leftist musical drama and attempts to stop its production.",English|Italian,USA,5 wins & 7 nominations.,6.9,8415.0
260,Star Wars: Episode IV - A New Hope,Action|Adventure|Sci-Fi,1977,PG,121 min,George Lucas,George Lucas,"Mark Hamill, Harrison Ford, Carrie Fisher, Peter Cushing","Luke Skywalker joins forces with a Jedi Knight, a cocky pilot, a Wookiee and two droids to save the galaxy from the Empire's world-destroying battle station, while also attempting to rescue Princess Leia from the mysterious Darth Vader.",English,USA,Won 6 Oscars. Another 50 wins & 28 nominations.,8.6,1099272.0
1730,Kundun,Drama,1997,PG-13,134 min,Martin Scorsese,Melissa Mathison,"Tenzin Thuthob Tsarong, Gyurme Tethong, Tulku Jamyang Kunga Tenzin, Tenzin Yeshi Paichang","From childhood to adulthood, Tibet's fourteenth Dalai Lama deals with Chinese oppression and other problems.",English|Mandarin|Tibetan,Monaco|Morocco|USA,Nominated for 4 Oscars. Another 7 wins & 8 nominations.,7.0,23950.0
2917,Body Heat,Crime|Thriller,1981,R,113 min,Lawrence Kasdan,Lawrence Kasdan,"William Hurt, Kathleen Turner, Richard Crenna, Ted Danson","In the midst of a searing Florida heat wave, a woman persuades her lover, a small-town lawyer, to murder her rich husband.",English,USA,Nominated for 1 Golden Globe. Another 5 nominations.,7.4,27166.0
2028,Saving Private Ryan,Action|Drama|War,1998,R,169 min,Steven Spielberg,Robert Rodat,"Tom Hanks, Tom Sizemore, Edward Burns, Barry Pepper","Following the Normandy Landings, a group of U.S. soldiers go behind enemy lines to retrieve a paratrooper whose brothers have been killed in action.",Czech|English|French|German,USA,Won 5 Oscars. Another 74 wins & 74 nominations.,8.6,1084736.0
910,Some Like It Hot,Comedy|Crime,1959,NOT RATED,121 min,Billy Wilder,Billy Wilder (screenplay)|I.A.L. Diamond (screenplay)|Michael Logan (suggested by a story by)|Robert Thoeren (suggested by a story by),"Marilyn Monroe, Tony Curtis, Jack Lemmon, George Raft","When two male musicians witness a mob hit, they flee the state in an all-female band disguised as women, but further complications set in.",English,USA,Won 1 Oscar. Another 9 wins & 13 nominations.,8.2,215526.0
1228,Raging Bull,Drama,1980,R,129 min,Martin Scorsese,Jake LaMotta (based on the book by)|Joseph Carter (with)|Mardik Martin (screenplay)|Paul Schrader (screenplay)|Peter Savage (with),"Robert De Niro, Cathy Moriarty, Joe Pesci, Frank Vincent","The life of boxer Jake LaMotta, as the violence and temper that leads him to the top in the ring destroys his life outside of it.",English,USA,Won 2 Oscars. Another 22 wins & 26 nominations.,8.2,282808.0
2946,Help!,Comedy|Musical,1965,G,92 min,Richard Lester,Charles Wood (screenplay)|Marc Behm (screenplay)|Marc Behm (story),"The Beatles, Leo McKern, Eleanor Bron, Victor Spinetti",Ringo finds himself the human sacrifice target of a cult and the band must try to protect him from it.,English,UK,Nominated for 2 BAFTA Film Awards. Another 3 nominations.,7.3,15488.0
1285,Heathers,Comedy,1988,R,103 min,Michael Lehmann,Daniel Waters,"Winona Ryder, Christian Slater, Shannen Doherty, Lisanne Falk","In order to get out of the snobby clique that is destroying her good-girl reputation, an intelligent teen teams up with a dark sociopath in a plot to kill the cool kids.",English,USA,3 wins & 11 nominations.,7.3,76133.0
2303,Nashville,Drama|Musical,1975,R,160 min,Robert Altman,Joan Tewkesbury,"David Arkin, Barbara Baxley, Ned Beatty, Karen Black","Over the course of a few hectic days, numerous interrelated people prepare for a political convention as secrets and lies are surfaced and revealed.",English,USA,Won 1 Oscar. Another 22 wins & 25 nominations.,7.8,20668.0
1958,Terms of Endearment,Comedy|Drama,1983,PG,132 min,James L. Brooks,James L. Brooks (screenplay)|Larry McMurtry (based on the novel by),"Shirley MacLaine, Debra Winger, Jack Nicholson, Danny DeVito","Follows hard-to-please Aurora looking for love, and her daughter's family problems.",English,USA,Won 5 Oscars. Another 27 wins & 18 nominations.,7.4,48677.0
4056,The Pledge,Crime|Drama|Mystery|Thriller,2001,R,124 min,Sean Penn,Friedrich Dürrenmatt (book)|Jerzy Kromolowski (screenplay)|Mary Olson-Kromolowski (screenplay),"Patricia Clarkson, Beau Daniels, Benicio Del Toro, Dale Dickey",A retiring police chief pledges to catch the killer of a young child.,English,USA,1 win & 6 nominations.,6.8,48929.0
1086,Dial M for Murder,Crime|Mystery|Thriller,1954,PG,105 min,Alfred Hitchcock,Frederick Knott (adapted from his play)|Frederick Knott (screen play),"Ray Milland, Grace Kelly, Robert Cummings, John Williams",A tennis player frames his unfaithful wife for first-degree murder after she inadvertently hinders his plan to kill her.,English,USA,Nominated for 1 BAFTA Film Award. Another 3 wins & 2 nominations.,8.2,138240.0
2065,The Purple Rose of Cairo,Comedy|Drama|Fantasy|Romance,1985,PG,82 min,Woody Allen,Woody Allen,"Mia Farrow, Jeff Daniels, Danny Aiello, Irving Metzman","In New Jersey in 1935, a movie character walks off the screen and into the real world.",English,USA,Nominated for 1 Oscar. Another 14 wins & 14 nominations.,7.7,42331.0
2762,The Sixth Sense,Drama|Horror|Mystery,1999,PG-13,107 min,M. Night Shyamalan,M. Night Shyamalan,"Bruce Willis, Haley Joel Osment, Toni Collette, Olivia Williams",A boy who communicates with spirits seeks the help of a disheartened child psychologist.,English|Latin|Spanish,USA,Nominated for 6 Oscars. Another 32 wins & 48 nominations.,8.1,831170.0
2890,Three Kings,Action|Adventure|Comedy|Drama|War,1999,R,114 min,David O. Russell,David O. Russell (screenplay)|John Ridley (story),"George Clooney, Mark Wahlberg, Ice Cube, Spike Jonze","In the aftermath of the Persian Gulf War, four soldiers set out to steal gold that was stolen from Kuwait, but they discover people who desperately need their help.",Arabic|English,USA,8 wins & 19 nominations.,7.1,150993.0
909,The Apartment,Comedy|Drama|Romance,1960,NOT RATED,125 min,Billy Wilder,Billy Wilder|I.A.L. Diamond,"Jack Lemmon, Shirley MacLaine, Fred MacMurray, Ray Walston","A man tries to rise in his company by letting its executives use his apartment for trysts, but complications and a romance of his own ensue.",English,USA,Won 5 Oscars. Another 19 wins & 8 nominations.,8.3,140302.0
1954,Rocky,Drama,1976,PG,120 min,John G. Avildsen,Sylvester Stallone,"Sylvester Stallone, Talia Shire, Burt Young, Carl Weathers",A small-time boxer gets a supremely rare chance to fight a heavy-weight champion in a bout in which he strives to go the distance for his self-respect.,English,USA,Won 3 Oscars. Another 17 wins & 21 nominations.,8.1,462407.0
3160,Magnolia,Drama,1999,R,188 min,Paul Thomas Anderson,Paul Thomas Anderson,"Pat Healy, Genevieve Zweig, Mark Flanagan, Neil Flynn","An epic mosaic of interrelated characters in search of love, forgiveness, and meaning in the San Fernando Valley.",English|French|German,USA,Nominated for 3 Oscars. Another 28 wins & 53 nominations.,8.0,266636.0
5060,MASH,Comedy|Drama|War,1970,R,116 min,Robert Altman,Richard Hooker (from the novel by)|Ring Lardner Jr. (screenplay),"Donald Sutherland, Elliott Gould, Tom Skerritt, Sally Kellerman",The staff of a Korean War field hospital use humor and high jinks to keep their sanity in the face of the horror of war.,English|Japanese|Korean,USA,Won 1 Oscar. Another 14 wins & 25 nominations.,7.6,62498.0
905,It Happened One Night,Comedy|Romance,1934,NOT RATED,105 min,Frank Capra,Robert Riskin (screen play)|Samuel Hopkins Adams (based on the short story by),"Clark Gable, Claudette Colbert, Walter Connolly, Roscoe Karns",A spoiled heiress running away from her family is helped by a man who is actually a reporter in need of a story.,English,USA,Won 5 Oscars. Another 5 wins & 2 nominations.,8.1,83309.0
2144,,,,,,,,,,,,,,
2276,A Soldier's Daughter Never Cries,Drama,1998,R,127 min,James Ivory,James Ivory (screenplay)|Kaylie Jones (novel)|Ruth Prawer Jhabvala (screenplay),"Kris Kristofferson, Barbara Hershey, Leelee Sobieski, Jane Birkin","This fictionalized story, based on the family life of writer James Jones, is an emotionless slice-of-life story. Jones here is portrayed as Bill Willis, a former war hero and now successful...",English|French,France|UK|USA,4 nominations.,6.9,2186.0
6016,City of God,Action|Adventure|Crime|Drama|Thriller,2002,R,130 min,Fernando Meirelles|Kátia Lund(co-director),Bráulio Mantovani (screenplay)|Paulo Lins (novel),"Alexandre Rodrigues, Leandro Firmino, Phellipe Haagensen, Douglas Silva","In the slums of Rio, two kids' paths diverge as one struggles to become a photographer and the other a kingpin.",Portuguese,Brazil|France,Nominated for 4 Oscars. Another 66 wins & 38 nominations.,8.6,633723.0
1571,When the Cat's Away,Comedy|Romance,1996,R,91 min,Cédric Klapisch,Cédric Klapisch,"Garance Clavel, Zinedine Soualem, Renée Le Calm, Olivier Py","Chloe, a young woman, is going on holidays. She entrusts her beloved cat to Madame Renée's care. But one day Madame Renée (an old lady of the neighborhood) can not find the cat. Chloe ...",French,France,1 win & 4 nominations.,6.8,3020.0
281,Nobody's Fool,Comedy|Drama|Romance,1994,R,110 min,Robert Benton,Richard Russo (novel)|Robert Benton (screenplay),"Paul Newman, Jessica Tandy, Bruce Willis, Melanie Griffith",A stubborn man past his prime reflects on his life of strict independence and seeks more out of himself.,English,USA,Nominated for 2 Oscars. Another 5 wins & 6 nominations.,7.4,16726.0
2883,Mumford,Comedy|Drama,1999,R,112 min,Lawrence Kasdan,Lawrence Kasdan,"Loren Dean, Hope Davis, Jason Lee, Alfre Woodard","In the small town of Mumford, a psychologist of the same name moves in and quickly becomes very popular, despite a questionable past.",English,USA,1 win & 1 nomination.,6.9,8484.0
2243,Broadcast News,Comedy|Drama|Romance,1987,R,133 min,James L. Brooks,James L. Brooks,"William Hurt, Albert Brooks, Holly Hunter, Robert Prosky","Take two rival television reporters: one handsome, one talented, both male. Add one Producer, female. Mix well, and watch the sparks fly.",English|French|German|Spanish,USA,Nominated for 7 Oscars. Another 13 wins & 16 nominations.,7.2,24273.0
3989,One Day in September,Documentary,1999,R,94 min,Kevin Macdonald,N/A,"Michael Douglas, Ankie Spitzer, Jamal Al Gashey, Gerald Seymour",The Palestinian terrorist group Black September holds Israeli athletes hostage at the 1972 Summer Olympic Games in Munich.,English|German,Germany|Switzerland|UK,Won 1 Oscar. Another 3 wins & 6 nominations.,7.9,5250.0
2696,Le Dîner de Cons,Comedy,1998,PG-13,80 min,Francis Veber,Francis Veber,"Thierry Lhermitte, Jacques Villeret, Francis Huster, Daniel Prévost","To amuse themselves at a weekly dinner, a few well-heeled folk each bring a dimwit along who is to talk about his pastime. Each member seeks to introduce a champion dumbbell. Pierre, an ...",French,France,5 wins & 4 nominations.,7.7,33570.0
2997,Being John Malkovich,Comedy|Drama|Fantasy,1999,R,113 min,Spike Jonze,Charlie Kaufman,"John Cusack, Cameron Diaz, Ned Bellamy, Eric Weinstein",A puppeteer discovers a portal that leads literally into the head of movie star John Malkovich.,English,USA,Nominated for 3 Oscars. Another 48 wins & 75 nominations.,7.8,285563.0
3134,La Grande Illusion,Drama|War,1937,NOT RATED,113 min,Jean Renoir,Charles Spaak (scenario and dialogue)|Jean Renoir (scenario and dialogue),"Jean Gabin, Dita Parlo, Pierre Fresnay, Erich von Stroheim","During the First World War, two French soldiers are captured and imprisoned in a German P.O.W. camp. Several escape attempts follow until they are sent to a seemingly impenetrable fortress which seems impossible to escape from.",English|French|German|Russian,France,Nominated for 1 Oscar. Another 6 wins & 1 nomination.,8.1,30709.0
1674,Witness,Drama|Romance|Thriller,1985,R,112 min,Peter Weir,Earl W. Wallace (screenplay by)|Earl W. Wallace (story by)|Pamela Wallace (story by)|William Kelley (screenplay by)|William Kelley (story by),"Harrison Ford, Kelly McGillis, Josef Sommer, Lukas Haas",A young Amish boy is sole witness to a murder; policeman John Book goes into hiding in Amish country to protect him until the trial.,English|German,USA,Won 2 Oscars. Another 11 wins & 25 nominations.,7.4,77075.0
2186,Strangers on a Train,Crime|Drama|Film-Noir|Thriller,1951,PG,101 min,Alfred Hitchcock,Czenzi Ormonde (screen play)|Patricia Highsmith (from the novel by)|Raymond Chandler (screen play)|Whitfield Cook (adaptation),"Farley Granger, Ruth Roman, Robert Walker, Leo G. Carroll",A psychotic socialite attempts to force an amateur tennis star to comply with his theory that two complete strangers can get away with reciprocal murders.,English|French,USA,Nominated for 1 Oscar. Another 2 wins & 1 nomination.,8.0,112505.0
3363,American Graffiti,Comedy|Drama,1973,PG,110 min,George Lucas,George Lucas|Gloria Katz|Willard Huyck,"Richard Dreyfuss, Ron Howard, Paul Le Mat, Charles Martin Smith",A couple of high school grads spend one final night cruising the strip with their buddies before they go off to college.,English,USA,Nominated for 5 Oscars. Another 9 wins & 8 nominations.,7.5,73218.0
2969,A Man and a Woman,Drama|Romance,1966,NOT RATED,102 min,Claude Lelouch,Pierre Uytterhoeven,"Anouk Aimée, Jean-Louis Trintignant, Pierre Barouh, Valérie Lagrange","A widow and a widower find their relationship developing into love, but their past tragedies prove hard to overcome, causing them to proceed with utmost delicacy.",English|French|Spanish,France,Won 2 Oscars. Another 11 wins & 10 nominations.,7.6,8328.0
1411,Hamlet,Crime|Drama|Romance,1996,PG-13,242 min,Kenneth Branagh,Kenneth Branagh (screenplay)|William Shakespeare (play),"Riz Abbasi, Richard Attenborough, David Blair, Brian Blessed","Hamlet, Prince of Denmark, returns home to find his father murdered and his mother remarrying the murderer, his uncle. Meanwhile, war is brewing.",English,UK|USA,Nominated for 4 Oscars. Another 9 wins & 20 nominations.,7.8,33767.0
2289,The Player,Comedy|Crime|Drama,1992,R,124 min,Robert Altman,Michael Tolkin (novel)|Michael Tolkin (screenplay),"Tim Robbins, Greta Scacchi, Fred Ward, Whoopi Goldberg","A Hollywood studio executive is being sent death threats by a writer whose script he rejected, but which one?",English,USA,Nominated for 3 Oscars. Another 24 wins & 29 nominations.,7.6,48747.0
1013,The Parent Trap,Children|Comedy|Romance,1961,PASSED,129 min,David Swift,David Swift (written for the screen by)|Erich Kästner (book),"Hayley Mills, Maureen O'Hara, Brian Keith, Charles Ruggles",Teenage twin sisters swap places and scheme to reunite their divorced parents.,English,USA,Nominated for 2 Oscars. Another 2 wins & 6 nominations.,7.1,16676.0
4019,Finding Forrester,Drama,2000,PG-13,136 min,Gus Van Sant,Mike Rich,"Sean Connery, Rob Brown, F. Murray Abraham, Anna Paquin",A young writing prodigy finds a mentor in a reclusive author.,English|German,USA,5 wins & 13 nominations.,7.3,78457.0
745,A Close Shave,Animation|Children|Comedy,1995,NOT RATED,30 min,Nick Park,Bob Baker|Nick Park,"Peter Sallis, Anne Reid","Wallace falls for Wendolene, a wool shop owner, while Gromit is framed for the sheep rustling.",English,UK,Won 1 Oscar. Another 18 wins.,8.2,35143.0
3308,The Flamingo Kid,Comedy|Drama,1984,PG-13,100 min,Garry Marshall,Garry Marshall (screenplay)|Neal Marshall (story and screenplay),"Matt Dillon, Hector Elizondo, Molly McCarthy, Martha Gehman","A recent high school graduate unsure of his future gets a summer job at the Flamingo beach club, and meets the charismatic Phil Brody.",English,USA,N/A,6.2,4238.0
475,In the Name of the Father,Drama,1993,R,133 min,Jim Sheridan,"""Gerry Conlon (autobiographical book """"Proved Innocent"""")|Jim Sheridan (screenplay)|Terry George (screenplay)""","Alison Crosbie, Daniel Day-Lewis, Philip King, Emma Thompson",A man's coerced confession to an IRA bombing he did not commit results in the imprisonment of his father as well. An English lawyer fights to free them.,English,Ireland|UK|USA,Nominated for 7 Oscars. Another 7 wins & 33 nominations.,8.1,138581.0
1719,The Sweet Hereafter,Drama,1997,R,112 min,Atom Egoyan,Atom Egoyan (screenplay)|Russell Banks (novel),"Ian Holm, Caerthan Banks, Sarah Polley, Tom McCamus","A bus crash in a small town brings a lawyer to the town to defend the families, but he discovers that everything is not what it seems.",English,Canada,Nominated for 2 Oscars. Another 33 wins & 52 nominations.,7.6,29681.0
2425,The General,Crime,1998,R,124 min,John Boorman,John Boorman|Paul Williams (novel),"Brendan Gleeson, Adrian Dunbar, Sean McGinley, Maria Doyle Kennedy","The real-life story of Dublin folk hero and criminal Martin Cahill, who pulled off two daring robberies in Ireland with his team, but attracted unwanted attention from the police, the I.R.A., the U.V.F., and members of his own team.",English,Ireland|UK,9 wins & 14 nominations.,7.3,7451.0
2859,Stop Making Sense,Documentary|Musical,1984,NOT RATED,88 min,Jonathan Demme,Jonathan Demme|Talking Heads,"Bernie Worrell, Alex Weir, Steven Scales, Lynn Mabry",An innovative concert movie for the rock group The Talking Heads.,English,USA,2 wins & 1 nomination.,8.5,10532.0
1204,Lawrence of Arabia,Adventure|Drama|War,1962,PG,216 min,David Lean,Michael Wilson (screenplay)|Robert Bolt (screenplay)|T.E. Lawrence (writings),"Peter O'Toole, Alec Guinness, Anthony Quinn, Jack Hawkins","The story of T.E. Lawrence, the English officer who successfully united and led the diverse, often warring, Arab tribes during World War I in order to fight the Turks.",Arabic|English|Turkish,UK,Won 7 Oscars. Another 23 wins & 14 nominations.,8.3,237218.0
2973,Crimes and Misdemeanors,Comedy|Crime|Drama,1989,PG-13,104 min,Woody Allen,Woody Allen,"Bill Bernstein, Martin Landau, Claire Bloom, Stephanie Roth Haberle",An ophthalmologist's mistress threatens to reveal their affair to his wife while a married documentary filmmaker is infatuated with another woman.,English|Hebrew,USA,Nominated for 3 Oscars. Another 16 wins & 21 nominations.,8.0,49495.0
1009,Escape to Witch Mountain,Adventure|Children|Fantasy,1975,G,97 min,John Hough,Alexander Key (based on the book by)|Robert Malcolm Young (screenplay),"Eddie Albert, Ray Milland, Donald Pleasence, Kim Richards",Two mysterious orphan children have extraordinary powers and are chased by a scheming millionaire. But where do these kids really call home?,English,USA,N/A,6.4,8174.0
954,Mr. Smith Goes to Washington,Drama,1939,NOT RATED,129 min,Frank Capra,Lewis R. Foster (story)|Sidney Buchman (screen play),"Jean Arthur, James Stewart, Claude Rains, Edward Arnold","A naive man is appointed to fill a vacancy in the United States Senate. His plans promptly collide with political corruption, but he doesn't back down.",English,USA,Won 1 Oscar. Another 4 wins & 12 nominations.,8.2,96857.0
1217,Ran,Drama|War,1985,R,162 min,Akira Kurosawa,Akira Kurosawa (screenplay)|Hideo Oguni (screenplay)|Masato Ide (screenplay)|William Shakespeare (play),"Tatsuya Nakadai, Akira Terao, Jinpachi Nezu, Daisuke Ryû","In Medieval Japan, an elderly warlord retires, handing over his empire to his three sons. However, he vastly underestimates how the new-found power will corrupt them and cause them to turn on each other...and him.",Japanese,France|Japan,Won 1 Oscar. Another 28 wins & 21 nominations.,8.2,97730.0
2208,The Lady Vanishes,Drama|Mystery|Thriller,1938,NOT RATED,96 min,Alfred Hitchcock,"""Ethel Lina White (based upon the story by: """"The Wheel Spins"""")|Frank Launder (screen play)|Sidney Gilliat (screen play)""","Margaret Lockwood, Michael Redgrave, Paul Lukas, May Whitty","While travelling in continental Europe, a rich young playgirl realizes that an elderly lady seems to have disappeared from the train.",English|French|German|Italian,UK,1 win & 1 nomination.,7.9,42117.0
